FTOL_REACHED,FTOL_REACHED,FTOL_REACHED
FTOL_REACHED,FTOL_REACHED,FTOL_REACHED
FTOL_REACHED,FTOL_REACHED,FTOL_REACHED
FTOL_REACHED,FTOL_REACHED,FTOL_REACHED
FTOL_REACHED,FTOL_REACHED,FTOL_REACHED
FTOL_REACHED,FTOL_REACHED,FTOL_REACHED
FTOL_REACHED,FTOL_REACHED,FTOL_REACHED
FTOL_REACHED,FTOL_REACHED,FTOL_REACHED
FTOL_REACHED,FTOL_REACHED,FTOL_REACHED
FTOL_REACHED,FTOL_REACHED,FTOL_REACHED
FTOL_REACHED,FTOL_REACHED,FTOL_REACHED
FTOL_REACHED,FTOL_REACHED,FTOL_REACHED
FTOL_REACHED,FTOL_REACHED,FTOL_REACHED
FTOL_REACHED,FTOL_REACHED,FTOL_REACHED
FTOL_REACHED,FTOL_REACHED,FTOL_REACHED
FTOL_REACHED,FTOL_REACHED,FTOL_REACHED
FTOL_REACHED,FTOL_REACHED,FTOL_REACHED
FTOL_REACHED,FTOL_REACHED,FTOL_REACHED
FTOL_REACHED,FTOL_REACHED,FTOL_REACHED
FTOL_REACHED,FTOL_REACHED,FTOL_REACHED
FTOL_REACHED,FTOL_REACHED,FTOL_REACHED
FTOL_REACHED,FTOL_REACHED,FTOL_REACHED
FTOL_REACHED,FTOL_REACHED,FTOL_REACHED
FTOL_REACHED,FTOL_REACHED,FTOL_REACHED
FTOL_REACHED,FTOL_REACHED,FTOL_REACHED
FTOL_REACHED,FTOL_REACHED,FTOL_REACHED
FTOL_REACHED,FTOL_REACHED,FTOL_REACHED
FTOL_REACHED,FTOL_REACHED,FTOL_REACHED
FTOL_REACHED,FTOL_REACHED,FTOL_REACHED
FTOL_REACHED,FTOL_REACHED,FTOL_REACHED
FTOL_REACHED,FTOL_REACHED,FTOL_REACHED
FTOL_REACHED,FTOL_REACHED,FTOL_REACHED
FTOL_REACHED,FTOL_REACHED,FTOL_REACHED
FTOL_REACHED,FTOL_REACHED,FTOL_REACHED
FTOL_REACHED,FTOL_REACHED,FTOL_REACHED
FTOL_REACHED,FTOL_REACHED,FTOL_REACHED
FTOL_REACHED,FTOL_REACHED,FTOL_REACHED
FTOL_REACHED,FTOL_REACHED,FTOL_REACHED
FTOL_REACHED,FTOL_REACHED,FTOL_REACHED
FTOL_REACHED,FTOL_REACHED,FTOL_REACHED
FTOL_REACHED,FTOL_REACHED,FTOL_REACHED
FTOL_REACHED,FTOL_REACHED,FTOL_REACHED
FTOL_REACHED,FTOL_REACHED,FTOL_REACHED
FTOL_REACHED,FTOL_REACHED,FTOL_REACHED
FTOL_REACHED,FTOL_REACHED,FTOL_REACHED
FTOL_REACHED,FTOL_REACHED,FTOL_REACHED
FTOL_REACHED,FTOL_REACHED,FTOL_REACHED
FTOL_REACHED,FTOL_REACHED,FTOL_REACHED
FTOL_REACHED,FTOL_REACHED,FTOL_REACHED
FTOL_REACHED,FTOL_REACHED,FTOL_REACHED
FTOL_REACHED,FTOL_REACHED,FTOL_REACHED
FTOL_REACHED,FTOL_REACHED,FTOL_REACHED
FTOL_REACHED,FTOL_REACHED,FTOL_REACHED
FTOL_REACHED,FTOL_REACHED,FTOL_REACHED
FTOL_REACHED,FTOL_REACHED,FTOL_REACHED
FTOL_REACHED,FTOL_REACHED,FTOL_REACHED
FTOL_REACHED,FTOL_REACHED,FTOL_REACHED
FTOL_REACHED,FTOL_REACHED,FTOL_REACHED
FTOL_REACHED,FTOL_REACHED,FTOL_REACHED
FTOL_REACHED,FTOL_REACHED,FTOL_REACHED
FTOL_REACHED,FTOL_REACHED,FTOL_REACHED
FTOL_REACHED,FTOL_REACHED,FTOL_REACHED
FTOL_REACHED,FTOL_REACHED,FTOL_REACHED
FTOL_REACHED,FTOL_REACHED,FTOL_REACHED
FTOL_REACHED,FTOL_REACHED,FTOL_REACHED
FTOL_REACHED,FTOL_REACHED,FTOL_REACHED
FTOL_REACHED,FTOL_REACHED,FTOL_REACHED
FTOL_REACHED,FTOL_REACHED,FTOL_REACHED
FTOL_REACHED,FTOL_REACHED,FTOL_REACHED
FTOL_REACHED,FTOL_REACHED,FTOL_REACHED
FTOL_REACHED,FTOL_REACHED,FTOL_REACHED
FTOL_REACHED,FTOL_REACHED,FTOL_REACHED
FTOL_REACHED,FTOL_REACHED,FTOL_REACHED
FTOL_REACHED,FTOL_REACHED,FTOL_REACHED
FTOL_REACHED,FTOL_REACHED,FTOL_REACHED
FTOL_REACHED,FTOL_REACHED,FTOL_REACHED
FTOL_REACHED,FTOL_REACHED,FTOL_REACHED
FTOL_REACHED,FTOL_REACHED,FTOL_REACHED
FTOL_REACHED,FTOL_REACHED,FTOL_REACHED
FTOL_REACHED,FTOL_REACHED,FTOL_REACHED
FTOL_REACHED,FTOL_REACHED,FTOL_REACHED
FTOL_REACHED,FTOL_REACHED,FTOL_REACHED
FTOL_REACHED,FTOL_REACHED,FTOL_REACHED
FTOL_REACHED,FTOL_REACHED,FTOL_REACHED
FTOL_REACHED,FTOL_REACHED,FTOL_REACHED
FTOL_REACHED,FTOL_REACHED,FTOL_REACHED
FTOL_REACHED,FTOL_REACHED,FTOL_REACHED
FTOL_REACHED,FTOL_REACHED,FTOL_REACHED
FTOL_REACHED,FTOL_REACHED,FTOL_REACHED
FTOL_REACHED,FTOL_REACHED,FTOL_REACHED
FTOL_REACHED,FTOL_REACHED,FTOL_REACHED
FTOL_REACHED,FTOL_REACHED,FTOL_REACHED
FTOL_REACHED,FTOL_REACHED,FTOL_REACHED
FTOL_REACHED,FTOL_REACHED,FTOL_REACHED
FTOL_REACHED,FTOL_REACHED,FTOL_REACHED
FTOL_REACHED,FTOL_REACHED,FTOL_REACHED
FTOL_REACHED,FTOL_REACHED,FTOL_REACHED
FTOL_REACHED,FTOL_REACHED,FTOL_REACHED
FTOL_REACHED,FTOL_REACHED,FTOL_REACHED
FTOL_REACHED,FTOL_REACHED,FTOL_REACHED
FTOL_REACHED,FTOL_REACHED,FTOL_REACHED
FTOL_REACHED,FTOL_REACHED,FTOL_REACHED
FTOL_REACHED,FTOL_REACHED,FTOL_REACHED
FTOL_REACHED,FTOL_REACHED,FTOL_REACHED
FTOL_REACHED,FTOL_REACHED,FTOL_REACHED
FTOL_REACHED,FTOL_REACHED,FTOL_REACHED
FTOL_REACHED,FTOL_REACHED,FTOL_REACHED
FTOL_REACHED,FTOL_REACHED,FTOL_REACHED
FTOL_REACHED,FTOL_REACHED,FTOL_REACHED
FTOL_REACHED,FTOL_REACHED,FTOL_REACHED
FTOL_REACHED,FTOL_REACHED,FTOL_REACHED
FTOL_REACHED,FTOL_REACHED,FTOL_REACHED
FTOL_REACHED,FTOL_REACHED,FTOL_REACHED
FTOL_REACHED,FTOL_REACHED,FTOL_REACHED
FTOL_REACHED,FTOL_REACHED,FTOL_REACHED
FTOL_REACHED,FTOL_REACHED,FTOL_REACHED
FTOL_REACHED,FTOL_REACHED,FTOL_REACHED
FTOL_REACHED,FTOL_REACHED,FTOL_REACHED
FTOL_REACHED,FTOL_REACHED,FTOL_REACHED
FTOL_REACHED,FTOL_REACHED,FTOL_REACHED
FTOL_REACHED,FTOL_REACHED,FTOL_REACHED
FTOL_REACHED,FTOL_REACHED,FTOL_REACHED
FTOL_REACHED,FTOL_REACHED,FTOL_REACHED
FTOL_REACHED,FTOL_REACHED,FTOL_REACHED
FTOL_REACHED,FTOL_REACHED,FTOL_REACHED
FTOL_REACHED,FTOL_REACHED,FTOL_REACHED
FTOL_REACHED,FTOL_REACHED,FTOL_REACHED
FTOL_REACHED,FTOL_REACHED,FTOL_REACHED
FTOL_REACHED,FTOL_REACHED,FTOL_REACHED
FTOL_REACHED,FTOL_REACHED,FTOL_REACHED
FTOL_REACHED,FTOL_REACHED,FTOL_REACHED
FTOL_REACHED,FTOL_REACHED,FTOL_REACHED
FTOL_REACHED,FTOL_REACHED,FTOL_REACHED
FTOL_REACHED,FTOL_REACHED,FTOL_REACHED
FTOL_REACHED,FTOL_REACHED,FTOL_REACHED
FTOL_REACHED,FTOL_REACHED,FTOL_REACHED
FTOL_REACHED,FTOL_REACHED,FTOL_REACHED
FTOL_REACHED,FTOL_REACHED,FTOL_REACHED
FTOL_REACHED,FTOL_REACHED,FTOL_REACHED
FTOL_REACHED,FTOL_REACHED,FTOL_REACHED
FTOL_REACHED,FTOL_REACHED,FTOL_REACHED
FTOL_REACHED,FTOL_REACHED,FTOL_REACHED
FTOL_REACHED,FTOL_REACHED,FTOL_REACHED
FTOL_REACHED,FTOL_REACHED,FTOL_REACHED
FTOL_REACHED,FTOL_REACHED,FTOL_REACHED
FTOL_REACHED,FTOL_REACHED,FTOL_REACHED
FTOL_REACHED,FTOL_REACHED,FTOL_REACHED
FTOL_REACHED,FTOL_REACHED,FTOL_REACHED
FTOL_REACHED,FTOL_REACHED,FTOL_REACHED
FTOL_REACHED,FTOL_REACHED,FTOL_REACHED
FTOL_REACHED,FTOL_REACHED,FTOL_REACHED
FTOL_REACHED,FTOL_REACHED,FTOL_REACHED
FTOL_REACHED,FTOL_REACHED,FTOL_REACHED
FTOL_REACHED,FTOL_REACHED,FTOL_REACHED
FTOL_REACHED,FTOL_REACHED,FTOL_REACHED
FTOL_REACHED,FTOL_REACHED,FTOL_REACHED
FTOL_REACHED,FTOL_REACHED,FTOL_REACHED
FTOL_REACHED,FTOL_REACHED,FTOL_REACHED
FTOL_REACHED,FTOL_REACHED,FTOL_REACHED
FTOL_REACHED,FTOL_REACHED,FTOL_REACHED
FTOL_REACHED,FTOL_REACHED,FTOL_REACHED
FTOL_REACHED,FTOL_REACHED,FTOL_REACHED
FTOL_REACHED,FTOL_REACHED,FTOL_REACHED
FTOL_REACHED,FTOL_REACHED,FTOL_REACHED
FTOL_REACHED,FTOL_REACHED,FTOL_REACHED
FTOL_REACHED,FTOL_REACHED,FTOL_REACHED
FTOL_REACHED,FTOL_REACHED,FTOL_REACHED
FTOL_REACHED,FTOL_REACHED,FTOL_REACHED
FTOL_REACHED,FTOL_REACHED,FTOL_REACHED
FTOL_REACHED,FTOL_REACHED,FTOL_REACHED
FTOL_REACHED,FTOL_REACHED,FTOL_REACHED
FTOL_REACHED,FTOL_REACHED,FTOL_REACHED
FTOL_REACHED,FTOL_REACHED,FTOL_REACHED
FTOL_REACHED,FTOL_REACHED,FTOL_REACHED
FTOL_REACHED,FTOL_REACHED,FTOL_REACHED
FTOL_REACHED,FTOL_REACHED,FTOL_REACHED
FTOL_REACHED,FTOL_REACHED,FTOL_REACHED
FTOL_REACHED,FTOL_REACHED,FTOL_REACHED
FTOL_REACHED,FTOL_REACHED,FTOL_REACHED
FTOL_REACHED,FTOL_REACHED,FTOL_REACHED
FTOL_REACHED,FTOL_REACHED,FTOL_REACHED
FTOL_REACHED,FTOL_REACHED,FTOL_REACHED
FTOL_REACHED,FTOL_REACHED,FTOL_REACHED
FTOL_REACHED,FTOL_REACHED,FTOL_REACHED
FTOL_REACHED,FTOL_REACHED,FTOL_REACHED
FTOL_REACHED,FTOL_REACHED,FTOL_REACHED
FTOL_REACHED,FTOL_REACHED,FTOL_REACHED
FTOL_REACHED,FTOL_REACHED,FTOL_REACHED
FTOL_REACHED,FTOL_REACHED,FTOL_REACHED
FTOL_REACHED,FTOL_REACHED,FTOL_REACHED
FTOL_REACHED,FTOL_REACHED,FTOL_REACHED
FTOL_REACHED,FTOL_REACHED,FTOL_REACHED
FTOL_REACHED,FTOL_REACHED,FTOL_REACHED
FTOL_REACHED,FTOL_REACHED,FTOL_REACHED
FTOL_REACHED,FTOL_REACHED,FTOL_REACHED
FTOL_REACHED,FTOL_REACHED,FTOL_REACHED
FTOL_REACHED,FTOL_REACHED,FTOL_REACHED
FTOL_REACHED,FTOL_REACHED,FTOL_REACHED
FTOL_REACHED,FTOL_REACHED,FTOL_REACHED
FTOL_REACHED,FTOL_REACHED,FTOL_REACHED
FTOL_REACHED,FTOL_REACHED,FTOL_REACHED
FTOL_REACHED,FTOL_REACHED,FTOL_REACHED
FTOL_REACHED,FTOL_REACHED,FTOL_REACHED
FTOL_REACHED,FTOL_REACHED,FTOL_REACHED
FTOL_REACHED,FTOL_REACHED,FTOL_REACHED
FTOL_REACHED,FTOL_REACHED,FTOL_REACHED
FTOL_REACHED,FTOL_REACHED,FTOL_REACHED
FTOL_REACHED,FTOL_REACHED,FTOL_REACHED
FTOL_REACHED,FTOL_REACHED,FTOL_REACHED
FTOL_REACHED,FTOL_REACHED,FTOL_REACHED
FTOL_REACHED,FTOL_REACHED,FTOL_REACHED
FTOL_REACHED,FTOL_REACHED,FTOL_REACHED
FTOL_REACHED,FTOL_REACHED,FTOL_REACHED
FTOL_REACHED,FTOL_REACHED,FTOL_REACHED
FTOL_REACHED,FTOL_REACHED,FTOL_REACHED
FTOL_REACHED,FTOL_REACHED,FTOL_REACHED
FTOL_REACHED,FTOL_REACHED,FTOL_REACHED
FTOL_REACHED,FTOL_REACHED,FTOL_REACHED
FTOL_REACHED,FTOL_REACHED,FTOL_REACHED
FTOL_REACHED,FTOL_REACHED,FTOL_REACHED
FTOL_REACHED,FTOL_REACHED,FTOL_REACHED
FTOL_REACHED,FTOL_REACHED,FTOL_REACHED
FTOL_REACHED,FTOL_REACHED,FTOL_REACHED
FTOL_REACHED,FTOL_REACHED,FTOL_REACHED
FTOL_REACHED,FTOL_REACHED,FTOL_REACHED
FTOL_REACHED,FTOL_REACHED,FTOL_REACHED
FTOL_REACHED,FTOL_REACHED,FTOL_REACHED
FTOL_REACHED,FTOL_REACHED,FTOL_REACHED
FTOL_REACHED,FTOL_REACHED,FTOL_REACHED
FTOL_REACHED,FTOL_REACHED,FTOL_REACHED
FTOL_REACHED,FTOL_REACHED,FTOL_REACHED
FTOL_REACHED,FTOL_REACHED,FTOL_REACHED
FTOL_REACHED,FTOL_REACHED,FTOL_REACHED
FTOL_REACHED,FTOL_REACHED,FTOL_REACHED
FTOL_REACHED,FTOL_REACHED,FTOL_REACHED
FTOL_REACHED,FTOL_REACHED,FTOL_REACHED
FTOL_REACHED,FTOL_REACHED,FTOL_REACHED
FTOL_REACHED,FTOL_REACHED,FTOL_REACHED
FTOL_REACHED,FTOL_REACHED,FTOL_REACHED
FTOL_REACHED,FTOL_REACHED,FTOL_REACHED
FTOL_REACHED,FTOL_REACHED,FTOL_REACHED
FTOL_REACHED,FTOL_REACHED,FTOL_REACHED
FTOL_REACHED,FTOL_REACHED,FTOL_REACHED
FTOL_REACHED,FTOL_REACHED,FTOL_REACHED
FTOL_REACHED,FTOL_REACHED,FTOL_REACHED
FTOL_REACHED,FTOL_REACHED,FTOL_REACHED
FTOL_REACHED,FTOL_REACHED,FTOL_REACHED
FTOL_REACHED,FTOL_REACHED,FTOL_REACHED
FTOL_REACHED,FTOL_REACHED,FTOL_REACHED
FTOL_REACHED,FTOL_REACHED,FTOL_REACHED
FTOL_REACHED,FTOL_REACHED,FTOL_REACHED
FTOL_REACHED,FTOL_REACHED,FTOL_REACHED
FTOL_REACHED,FTOL_REACHED,FTOL_REACHED
FTOL_REACHED,FTOL_REACHED,FTOL_REACHED
FTOL_REACHED,FTOL_REACHED,FTOL_REACHED
FTOL_REACHED,FTOL_REACHED,FTOL_REACHED
FTOL_REACHED,FTOL_REACHED,FTOL_REACHED
FTOL_REACHED,FTOL_REACHED,FTOL_REACHED
FTOL_REACHED,FTOL_REACHED,FTOL_REACHED
FTOL_REACHED,FTOL_REACHED,FTOL_REACHED
FTOL_REACHED,FTOL_REACHED,FTOL_REACHED
FTOL_REACHED,FTOL_REACHED,FTOL_REACHED
FTOL_REACHED,FTOL_REACHED,FTOL_REACHED
FTOL_REACHED,FTOL_REACHED,FTOL_REACHED
FTOL_REACHED,FTOL_REACHED,FTOL_REACHED
FTOL_REACHED,FTOL_REACHED,FTOL_REACHED
FTOL_REACHED,FTOL_REACHED,FTOL_REACHED
FTOL_REACHED,FTOL_REACHED,FTOL_REACHED
FTOL_REACHED,FTOL_REACHED,FTOL_REACHED
FTOL_REACHED,FTOL_REACHED,FTOL_REACHED
FTOL_REACHED,FTOL_REACHED,FTOL_REACHED
FTOL_REACHED,FTOL_REACHED,FTOL_REACHED
FTOL_REACHED,FTOL_REACHED,FTOL_REACHED
FTOL_REACHED,FTOL_REACHED,FTOL_REACHED
FTOL_REACHED,FTOL_REACHED,FTOL_REACHED
FTOL_REACHED,FTOL_REACHED,FTOL_REACHED
FTOL_REACHED,FTOL_REACHED,FTOL_REACHED
FTOL_REACHED,FTOL_REACHED,FTOL_REACHED
FTOL_REACHED,FTOL_REACHED,FTOL_REACHED
FTOL_REACHED,FTOL_REACHED,FTOL_REACHED
FTOL_REACHED,FTOL_REACHED,FTOL_REACHED
FTOL_REACHED,FTOL_REACHED,FTOL_REACHED
FTOL_REACHED,FTOL_REACHED,FTOL_REACHED
FTOL_REACHED,FTOL_REACHED,FTOL_REACHED
FTOL_REACHED,FTOL_REACHED,FTOL_REACHED
FTOL_REACHED,FTOL_REACHED,FTOL_REACHED
FTOL_REACHED,FTOL_REACHED,FTOL_REACHED
FTOL_REACHED,FTOL_REACHED,FTOL_REACHED
FTOL_REACHED,FTOL_REACHED,FTOL_REACHED
FTOL_REACHED,FTOL_REACHED,FTOL_REACHED
FTOL_REACHED,FTOL_REACHED,FTOL_REACHED
FTOL_REACHED,FTOL_REACHED,FTOL_REACHED
FTOL_REACHED,FTOL_REACHED,FTOL_REACHED
FTOL_REACHED,FTOL_REACHED,FTOL_REACHED
FTOL_REACHED,FTOL_REACHED,FTOL_REACHED
FTOL_REACHED,FTOL_REACHED,FTOL_REACHED
FTOL_REACHED,FTOL_REACHED,FTOL_REACHED
FTOL_REACHED,FTOL_REACHED,FTOL_REACHED
FTOL_REACHED,FTOL_REACHED,FTOL_REACHED
FTOL_REACHED,FTOL_REACHED,FTOL_REACHED
FTOL_REACHED,FTOL_REACHED,FTOL_REACHED
FTOL_REACHED,FTOL_REACHED,FTOL_REACHED
FTOL_REACHED,FTOL_REACHED,FTOL_REACHED
FTOL_REACHED,FTOL_REACHED,FTOL_REACHED
FTOL_REACHED,FTOL_REACHED,FTOL_REACHED
FTOL_REACHED,FTOL_REACHED,FTOL_REACHED
FTOL_REACHED,FTOL_REACHED,FTOL_REACHED
FTOL_REACHED,FTOL_REACHED,FTOL_REACHED
FTOL_REACHED,FTOL_REACHED,FTOL_REACHED
FTOL_REACHED,FTOL_REACHED,FTOL_REACHED
FTOL_REACHED,FTOL_REACHED,FTOL_REACHED
FTOL_REACHED,FTOL_REACHED,FTOL_REACHED
FTOL_REACHED,FTOL_REACHED,FTOL_REACHED
FTOL_REACHED,FTOL_REACHED,FTOL_REACHED
FTOL_REACHED,FTOL_REACHED,FTOL_REACHED
FTOL_REACHED,FTOL_REACHED,FTOL_REACHED
FTOL_REACHED,FTOL_REACHED,FTOL_REACHED
FTOL_REACHED,FTOL_REACHED,FTOL_REACHED
FTOL_REACHED,FTOL_REACHED,FTOL_REACHED
FTOL_REACHED,FTOL_REACHED,FTOL_REACHED
FTOL_REACHED,FTOL_REACHED,FTOL_REACHED
FTOL_REACHED,FTOL_REACHED,FTOL_REACHED
FTOL_REACHED,FTOL_REACHED,FTOL_REACHED
FTOL_REACHED,FTOL_REACHED,FTOL_REACHED
FTOL_REACHED,FTOL_REACHED,FTOL_REACHED
FTOL_REACHED,FTOL_REACHED,FTOL_REACHED
FTOL_REACHED,FTOL_REACHED,FTOL_REACHED
FTOL_REACHED,FTOL_REACHED,FTOL_REACHED
FTOL_REACHED,FTOL_REACHED,FTOL_REACHED
FTOL_REACHED,FTOL_REACHED,FTOL_REACHED
FTOL_REACHED,FTOL_REACHED,FTOL_REACHED
FTOL_REACHED,FTOL_REACHED,FTOL_REACHED
FTOL_REACHED,FTOL_REACHED,FTOL_REACHED
FTOL_REACHED,FTOL_REACHED,FTOL_REACHED
FTOL_REACHED,FTOL_REACHED,FTOL_REACHED
FTOL_REACHED,FTOL_REACHED,FTOL_REACHED
FTOL_REACHED,FTOL_REACHED,FTOL_REACHED
FTOL_REACHED,FTOL_REACHED,FTOL_REACHED
FTOL_REACHED,FTOL_REACHED,FTOL_REACHED
FTOL_REACHED,FTOL_REACHED,FTOL_REACHED
FTOL_REACHED,FTOL_REACHED,FTOL_REACHED
FTOL_REACHED,FTOL_REACHED,FTOL_REACHED
FTOL_REACHED,FTOL_REACHED,FTOL_REACHED
FTOL_REACHED,FTOL_REACHED,FTOL_REACHED
FTOL_REACHED,FTOL_REACHED,FTOL_REACHED
FTOL_REACHED,FTOL_REACHED,FTOL_REACHED
FTOL_REACHED,FTOL_REACHED,FTOL_REACHED
FTOL_REACHED,FTOL_REACHED,FTOL_REACHED
FTOL_REACHED,FTOL_REACHED,FTOL_REACHED
FTOL_REACHED,FTOL_REACHED,FTOL_REACHED
FTOL_REACHED,FTOL_REACHED,FTOL_REACHED
FTOL_REACHED,FTOL_REACHED,FTOL_REACHED
FTOL_REACHED,FTOL_REACHED,FTOL_REACHED
FTOL_REACHED,FTOL_REACHED,FTOL_REACHED
FTOL_REACHED,FTOL_REACHED,FTOL_REACHED
FTOL_REACHED,FTOL_REACHED,FTOL_REACHED
FTOL_REACHED,FTOL_REACHED,FTOL_REACHED
FTOL_REACHED,FTOL_REACHED,FTOL_REACHED
FTOL_REACHED,FTOL_REACHED,FTOL_REACHED
FTOL_REACHED,FTOL_REACHED,FTOL_REACHED
FTOL_REACHED,FTOL_REACHED,FTOL_REACHED
FTOL_REACHED,FTOL_REACHED,FTOL_REACHED
FTOL_REACHED,FTOL_REACHED,FTOL_REACHED
FTOL_REACHED,FTOL_REACHED,FTOL_REACHED
FTOL_REACHED,FTOL_REACHED,FTOL_REACHED
FTOL_REACHED,FTOL_REACHED,FTOL_REACHED
FTOL_REACHED,FTOL_REACHED,FTOL_REACHED
FTOL_REACHED,FTOL_REACHED,FTOL_REACHED
FTOL_REACHED,FTOL_REACHED,FTOL_REACHED
FTOL_REACHED,FTOL_REACHED,FTOL_REACHED
FTOL_REACHED,FTOL_REACHED,FTOL_REACHED
FTOL_REACHED,FTOL_REACHED,FTOL_REACHED
FTOL_REACHED,FTOL_REACHED,FTOL_REACHED
FTOL_REACHED,FTOL_REACHED,FTOL_REACHED
FTOL_REACHED,FTOL_REACHED,FTOL_REACHED
FTOL_REACHED,FTOL_REACHED,FTOL_REACHED
FTOL_REACHED,FTOL_REACHED,FTOL_REACHED
FTOL_REACHED,FTOL_REACHED,FTOL_REACHED
FTOL_REACHED,FTOL_REACHED,FTOL_REACHED
FTOL_REACHED,FTOL_REACHED,FTOL_REACHED
FTOL_REACHED,FTOL_REACHED,FTOL_REACHED
FTOL_REACHED,FTOL_REACHED,FTOL_REACHED
FTOL_REACHED,FTOL_REACHED,FTOL_REACHED
FTOL_REACHED,FTOL_REACHED,FTOL_REACHED
FTOL_REACHED,FTOL_REACHED,FTOL_REACHED
FTOL_REACHED,FTOL_REACHED,FTOL_REACHED
FTOL_REACHED,FTOL_REACHED,FTOL_REACHED
FTOL_REACHED,FTOL_REACHED,FTOL_REACHED
FTOL_REACHED,FTOL_REACHED,FTOL_REACHED
FTOL_REACHED,FTOL_REACHED,FTOL_REACHED
FTOL_REACHED,FTOL_REACHED,FTOL_REACHED
FTOL_REACHED,FTOL_REACHED,FTOL_REACHED
FTOL_REACHED,FTOL_REACHED,FTOL_REACHED
FTOL_REACHED,FTOL_REACHED,FTOL_REACHED
FTOL_REACHED,FTOL_REACHED,FTOL_REACHED
FTOL_REACHED,FTOL_REACHED,FTOL_REACHED
FTOL_REACHED,FTOL_REACHED,FTOL_REACHED
FTOL_REACHED,FTOL_REACHED,FTOL_REACHED
FTOL_REACHED,FTOL_REACHED,FTOL_REACHED
FTOL_REACHED,FTOL_REACHED,FTOL_REACHED
FTOL_REACHED,FTOL_REACHED,FTOL_REACHED
FTOL_REACHED,FTOL_REACHED,FTOL_REACHED
FTOL_REACHED,FTOL_REACHED,FTOL_REACHED
FTOL_REACHED,FTOL_REACHED,FTOL_REACHED
FTOL_REACHED,FTOL_REACHED,FTOL_REACHED
FTOL_REACHED,FTOL_REACHED,FTOL_REACHED
FTOL_REACHED,FTOL_REACHED,FTOL_REACHED
FTOL_REACHED,FTOL_REACHED,FTOL_REACHED
FTOL_REACHED,FTOL_REACHED,FTOL_REACHED
FTOL_REACHED,FTOL_REACHED,FTOL_REACHED
FTOL_REACHED,FTOL_REACHED,FTOL_REACHED
FTOL_REACHED,FTOL_REACHED,FTOL_REACHED
FTOL_REACHED,FTOL_REACHED,FTOL_REACHED
FTOL_REACHED,FTOL_REACHED,FTOL_REACHED
FTOL_REACHED,FTOL_REACHED,FTOL_REACHED
FTOL_REACHED,FTOL_REACHED,FTOL_REACHED
FTOL_REACHED,FTOL_REACHED,FTOL_REACHED
FTOL_REACHED,FTOL_REACHED,FTOL_REACHED
FTOL_REACHED,FTOL_REACHED,FTOL_REACHED
FTOL_REACHED,FTOL_REACHED,FTOL_REACHED
FTOL_REACHED,FTOL_REACHED,FTOL_REACHED
FTOL_REACHED,FTOL_REACHED,FTOL_REACHED
FTOL_REACHED,FTOL_REACHED,FTOL_REACHED
FTOL_REACHED,FTOL_REACHED,FTOL_REACHED
FTOL_REACHED,FTOL_REACHED,FTOL_REACHED
FTOL_REACHED,FTOL_REACHED,FTOL_REACHED
FTOL_REACHED,FTOL_REACHED,FTOL_REACHED
FTOL_REACHED,FTOL_REACHED,FTOL_REACHED
FTOL_REACHED,FTOL_REACHED,FTOL_REACHED
FTOL_REACHED,FTOL_REACHED,FTOL_REACHED
FTOL_REACHED,FTOL_REACHED,FTOL_REACHED
FTOL_REACHED,FTOL_REACHED,FTOL_REACHED
FTOL_REACHED,FTOL_REACHED,FTOL_REACHED
FTOL_REACHED,FTOL_REACHED,FTOL_REACHED
FTOL_REACHED,FTOL_REACHED,FTOL_REACHED
FTOL_REACHED,FTOL_REACHED,FTOL_REACHED
FTOL_REACHED,FTOL_REACHED,FTOL_REACHED
FTOL_REACHED,FTOL_REACHED,FTOL_REACHED
FTOL_REACHED,FTOL_REACHED,FTOL_REACHED
FTOL_REACHED,FTOL_REACHED,FTOL_REACHED
FTOL_REACHED,FTOL_REACHED,FTOL_REACHED
FTOL_REACHED,FTOL_REACHED,FTOL_REACHED
FTOL_REACHED,FTOL_REACHED,FTOL_REACHED
FTOL_REACHED,FTOL_REACHED,FTOL_REACHED
FTOL_REACHED,FTOL_REACHED,FTOL_REACHED
FTOL_REACHED,FTOL_REACHED,FTOL_REACHED
FTOL_REACHED,FTOL_REACHED,FTOL_REACHED
FTOL_REACHED,FTOL_REACHED,FTOL_REACHED
FTOL_REACHED,FTOL_REACHED,FTOL_REACHED
FTOL_REACHED,FTOL_REACHED,FTOL_REACHED
FTOL_REACHED,FTOL_REACHED,FTOL_REACHED
FTOL_REACHED,FTOL_REACHED,FTOL_REACHED
FTOL_REACHED,FTOL_REACHED,FTOL_REACHED
FTOL_REACHED,FTOL_REACHED,FTOL_REACHED
FTOL_REACHED,FTOL_REACHED,FTOL_REACHED
FTOL_REACHED,FTOL_REACHED,FTOL_REACHED
FTOL_REACHED,FTOL_REACHED,FTOL_REACHED
FTOL_REACHED,FTOL_REACHED,FTOL_REACHED
FTOL_REACHED,FTOL_REACHED,FTOL_REACHED
FTOL_REACHED,FTOL_REACHED,FTOL_REACHED
FTOL_REACHED,FTOL_REACHED,FTOL_REACHED
FTOL_REACHED,FTOL_REACHED,FTOL_REACHED
FTOL_REACHED,FTOL_REACHED,FTOL_REACHED
FTOL_REACHED,FTOL_REACHED,FTOL_REACHED
FTOL_REACHED,FTOL_REACHED,FTOL_REACHED
FTOL_REACHED,FTOL_REACHED,FTOL_REACHED
FTOL_REACHED,FTOL_REACHED,FTOL_REACHED
FTOL_REACHED,FTOL_REACHED,FTOL_REACHED
FTOL_REACHED,FTOL_REACHED,FTOL_REACHED
FTOL_REACHED,FTOL_REACHED,FTOL_REACHED
FTOL_REACHED,FTOL_REACHED,FTOL_REACHED
FTOL_REACHED,FTOL_REACHED,FTOL_REACHED
FTOL_REACHED,FTOL_REACHED,FTOL_REACHED
FTOL_REACHED,FTOL_REACHED,FTOL_REACHED
FTOL_REACHED,FTOL_REACHED,FTOL_REACHED
FTOL_REACHED,FTOL_REACHED,FTOL_REACHED
FTOL_REACHED,FTOL_REACHED,FTOL_REACHED
FTOL_REACHED,FTOL_REACHED,FTOL_REACHED
FTOL_REACHED,FTOL_REACHED,FTOL_REACHED
FTOL_REACHED,FTOL_REACHED,FTOL_REACHED
FTOL_REACHED,FTOL_REACHED,FTOL_REACHED
FTOL_REACHED,FTOL_REACHED,FTOL_REACHED
FTOL_REACHED,FTOL_REACHED,FTOL_REACHED
FTOL_REACHED,FTOL_REACHED,FTOL_REACHED
FTOL_REACHED,FTOL_REACHED,FTOL_REACHED
FTOL_REACHED,FTOL_REACHED,FTOL_REACHED
FTOL_REACHED,FTOL_REACHED,FTOL_REACHED
FTOL_REACHED,FTOL_REACHED,FTOL_REACHED
FTOL_REACHED,FTOL_REACHED,FTOL_REACHED
FTOL_REACHED,FTOL_REACHED,FTOL_REACHED
FTOL_REACHED,FTOL_REACHED,FTOL_REACHED
FTOL_REACHED,FTOL_REACHED,FTOL_REACHED
FTOL_REACHED,FTOL_REACHED,FTOL_REACHED
FTOL_REACHED,FTOL_REACHED,FTOL_REACHED
FTOL_REACHED,FTOL_REACHED,FTOL_REACHED
FTOL_REACHED,FTOL_REACHED,FTOL_REACHED
FTOL_REACHED,FTOL_REACHED,FTOL_REACHED
FTOL_REACHED,FTOL_REACHED,FTOL_REACHED
FTOL_REACHED,FTOL_REACHED,FTOL_REACHED
FTOL_REACHED,FTOL_REACHED,FTOL_REACHED
FTOL_REACHED,FTOL_REACHED,FTOL_REACHED
FTOL_REACHED,FTOL_REACHED,FTOL_REACHED
FTOL_REACHED,FTOL_REACHED,FTOL_REACHED
FTOL_REACHED,FTOL_REACHED,FTOL_REACHED
FTOL_REACHED,FTOL_REACHED,FTOL_REACHED
FTOL_REACHED,FTOL_REACHED,FTOL_REACHED
FTOL_REACHED,FTOL_REACHED,FTOL_REACHED
FTOL_REACHED,FTOL_REACHED,FTOL_REACHED
FTOL_REACHED,FTOL_REACHED,FTOL_REACHED
FTOL_REACHED,FTOL_REACHED,FTOL_REACHED
FTOL_REACHED,FTOL_REACHED,FTOL_REACHED
FTOL_REACHED,FTOL_REACHED,FTOL_REACHED
FTOL_REACHED,FTOL_REACHED,FTOL_REACHED
FTOL_REACHED,FTOL_REACHED,FTOL_REACHED
FTOL_REACHED,FTOL_REACHED,FTOL_REACHED
FTOL_REACHED,FTOL_REACHED,FTOL_REACHED
FTOL_REACHED,FTOL_REACHED,FTOL_REACHED
FTOL_REACHED,FTOL_REACHED,FTOL_REACHED
FTOL_REACHED,FTOL_REACHED,FTOL_REACHED
FTOL_REACHED,FTOL_REACHED,FTOL_REACHED
FTOL_REACHED,FTOL_REACHED,FTOL_REACHED
FTOL_REACHED,FTOL_REACHED,FTOL_REACHED
FTOL_REACHED,FTOL_REACHED,FTOL_REACHED
FTOL_REACHED,FTOL_REACHED,FTOL_REACHED
FTOL_REACHED,FTOL_REACHED,FTOL_REACHED
FTOL_REACHED,FTOL_REACHED,FTOL_REACHED
FTOL_REACHED,FTOL_REACHED,FTOL_REACHED
FTOL_REACHED,FTOL_REACHED,FTOL_REACHED
FTOL_REACHED,FTOL_REACHED,FTOL_REACHED
FTOL_REACHED,FTOL_REACHED,FTOL_REACHED
FTOL_REACHED,FTOL_REACHED,FTOL_REACHED
FTOL_REACHED,FTOL_REACHED,FTOL_REACHED
FTOL_REACHED,FTOL_REACHED,FTOL_REACHED
FTOL_REACHED,FTOL_REACHED,FTOL_REACHED
FTOL_REACHED,FTOL_REACHED,FTOL_REACHED
FTOL_REACHED,FTOL_REACHED,FTOL_REACHED
FTOL_REACHED,FTOL_REACHED,FTOL_REACHED
FTOL_REACHED,FTOL_REACHED,FTOL_REACHED
FTOL_REACHED,FTOL_REACHED,FTOL_REACHED
FTOL_REACHED,FTOL_REACHED,FTOL_REACHED
FTOL_REACHED,FTOL_REACHED,FTOL_REACHED
FTOL_REACHED,FTOL_REACHED,FTOL_REACHED
FTOL_REACHED,FTOL_REACHED,FTOL_REACHED
FTOL_REACHED,FTOL_REACHED,FTOL_REACHED
FTOL_REACHED,FTOL_REACHED,FTOL_REACHED
FTOL_REACHED,FTOL_REACHED,FTOL_REACHED
FTOL_REACHED,FTOL_REACHED,FTOL_REACHED
FTOL_REACHED,FTOL_REACHED,FTOL_REACHED
FTOL_REACHED,FTOL_REACHED,FTOL_REACHED
FTOL_REACHED,FTOL_REACHED,FTOL_REACHED
FTOL_REACHED,FTOL_REACHED,FTOL_REACHED
FTOL_REACHED,FTOL_REACHED,FTOL_REACHED
FTOL_REACHED,FTOL_REACHED,FTOL_REACHED
FTOL_REACHED,FTOL_REACHED,FTOL_REACHED
FTOL_REACHED,FTOL_REACHED,FTOL_REACHED
FTOL_REACHED,FTOL_REACHED,FTOL_REACHED
FTOL_REACHED,FTOL_REACHED,FTOL_REACHED
FTOL_REACHED,FTOL_REACHED,FTOL_REACHED
FTOL_REACHED,FTOL_REACHED,FTOL_REACHED
FTOL_REACHED,FTOL_REACHED,FTOL_REACHED
FTOL_REACHED,FTOL_REACHED,FTOL_REACHED
FTOL_REACHED,FTOL_REACHED,FTOL_REACHED
FTOL_REACHED,FTOL_REACHED,FTOL_REACHED
FTOL_REACHED,FTOL_REACHED,FTOL_REACHED
FTOL_REACHED,FTOL_REACHED,FTOL_REACHED
FTOL_REACHED,FTOL_REACHED,FTOL_REACHED
FTOL_REACHED,FTOL_REACHED,FTOL_REACHED
FTOL_REACHED,FTOL_REACHED,FTOL_REACHED
FTOL_REACHED,FTOL_REACHED,FTOL_REACHED
FTOL_REACHED,FTOL_REACHED,FTOL_REACHED
FTOL_REACHED,FTOL_REACHED,FTOL_REACHED
FTOL_REACHED,FTOL_REACHED,FTOL_REACHED
FTOL_REACHED,FTOL_REACHED,FTOL_REACHED
FTOL_REACHED,FTOL_REACHED,FTOL_REACHED
FTOL_REACHED,FTOL_REACHED,FTOL_REACHED
FTOL_REACHED,FTOL_REACHED,FTOL_REACHED
FTOL_REACHED,FTOL_REACHED,FTOL_REACHED
FTOL_REACHED,FTOL_REACHED,FTOL_REACHED
FTOL_REACHED,FTOL_REACHED,FTOL_REACHED
FTOL_REACHED,FTOL_REACHED,FTOL_REACHED
FTOL_REACHED,FTOL_REACHED,FTOL_REACHED
FTOL_REACHED,FTOL_REACHED,FTOL_REACHED
FTOL_REACHED,FTOL_REACHED,FTOL_REACHED
FTOL_REACHED,FTOL_REACHED,FTOL_REACHED
FTOL_REACHED,FTOL_REACHED,FTOL_REACHED
FTOL_REACHED,FTOL_REACHED,FTOL_REACHED
FTOL_REACHED,FTOL_REACHED,FTOL_REACHED
FTOL_REACHED,FTOL_REACHED,FTOL_REACHED
FTOL_REACHED,FTOL_REACHED,FTOL_REACHED
FTOL_REACHED,FTOL_REACHED,FTOL_REACHED
FTOL_REACHED,FTOL_REACHED,FTOL_REACHED
FTOL_REACHED,FTOL_REACHED,FTOL_REACHED
FTOL_REACHED,FTOL_REACHED,FTOL_REACHED
FTOL_REACHED,FTOL_REACHED,FTOL_REACHED
FTOL_REACHED,FTOL_REACHED,FTOL_REACHED
FTOL_REACHED,FTOL_REACHED,FTOL_REACHED
FTOL_REACHED,FTOL_REACHED,FTOL_REACHED
FTOL_REACHED,FTOL_REACHED,FTOL_REACHED
FTOL_REACHED,FTOL_REACHED,FTOL_REACHED
FTOL_REACHED,FTOL_REACHED,FTOL_REACHED
FTOL_REACHED,FTOL_REACHED,FTOL_REACHED
FTOL_REACHED,FTOL_REACHED,FTOL_REACHED
FTOL_REACHED,FTOL_REACHED,FTOL_REACHED
FTOL_REACHED,FTOL_REACHED,FTOL_REACHED
FTOL_REACHED,FTOL_REACHED,FTOL_REACHED
FTOL_REACHED,FTOL_REACHED,FTOL_REACHED
FTOL_REACHED,FTOL_REACHED,FTOL_REACHED
FTOL_REACHED,FTOL_REACHED,FTOL_REACHED
FTOL_REACHED,FTOL_REACHED,FTOL_REACHED
FTOL_REACHED,FTOL_REACHED,FTOL_REACHED
FTOL_REACHED,FTOL_REACHED,FTOL_REACHED
FTOL_REACHED,FTOL_REACHED,FTOL_REACHED
FTOL_REACHED,FTOL_REACHED,FTOL_REACHED
FTOL_REACHED,FTOL_REACHED,FTOL_REACHED
FTOL_REACHED,FTOL_REACHED,FTOL_REACHED
FTOL_REACHED,FTOL_REACHED,FTOL_REACHED
FTOL_REACHED,FTOL_REACHED,FTOL_REACHED
FTOL_REACHED,FTOL_REACHED,FTOL_REACHED
FTOL_REACHED,FTOL_REACHED,FTOL_REACHED
FTOL_REACHED,FTOL_REACHED,FTOL_REACHED
FTOL_REACHED,FTOL_REACHED,FTOL_REACHED
FTOL_REACHED,FTOL_REACHED,FTOL_REACHED
FTOL_REACHED,FTOL_REACHED,FTOL_REACHED
FTOL_REACHED,FTOL_REACHED,FTOL_REACHED
FTOL_REACHED,FTOL_REACHED,FTOL_REACHED
FTOL_REACHED,FTOL_REACHED,FTOL_REACHED
FTOL_REACHED,FTOL_REACHED,FTOL_REACHED
FTOL_REACHED,FTOL_REACHED,FTOL_REACHED
FTOL_REACHED,FTOL_REACHED,FTOL_REACHED
FTOL_REACHED,FTOL_REACHED,FTOL_REACHED
FTOL_REACHED,FTOL_REACHED,FTOL_REACHED
FTOL_REACHED,FTOL_REACHED,FTOL_REACHED
FTOL_REACHED,FTOL_REACHED,FTOL_REACHED
FTOL_REACHED,FTOL_REACHED,FTOL_REACHED
FTOL_REACHED,FTOL_REACHED,FTOL_REACHED
FTOL_REACHED,FTOL_REACHED,FTOL_REACHED
FTOL_REACHED,FTOL_REACHED,FTOL_REACHED
FTOL_REACHED,FTOL_REACHED,FTOL_REACHED
FTOL_REACHED,FTOL_REACHED,FTOL_REACHED
FTOL_REACHED,FTOL_REACHED,FTOL_REACHED
FTOL_REACHED,FTOL_REACHED,FTOL_REACHED
FTOL_REACHED,FTOL_REACHED,FTOL_REACHED
FTOL_REACHED,FTOL_REACHED,FTOL_REACHED
FTOL_REACHED,FTOL_REACHED,FTOL_REACHED
FTOL_REACHED,FTOL_REACHED,FTOL_REACHED
FTOL_REACHED,FTOL_REACHED,FTOL_REACHED
FTOL_REACHED,FTOL_REACHED,FTOL_REACHED
FTOL_REACHED,FTOL_REACHED,FTOL_REACHED
FTOL_REACHED,FTOL_REACHED,FTOL_REACHED
FTOL_REACHED,FTOL_REACHED,FTOL_REACHED
FTOL_REACHED,FTOL_REACHED,FTOL_REACHED
FTOL_REACHED,FTOL_REACHED,FTOL_REACHED
FTOL_REACHED,FTOL_REACHED,FTOL_REACHED
FTOL_REACHED,FTOL_REACHED,FTOL_REACHED
FTOL_REACHED,FTOL_REACHED,FTOL_REACHED
FTOL_REACHED,FTOL_REACHED,FTOL_REACHED
FTOL_REACHED,FTOL_REACHED,FTOL_REACHED
FTOL_REACHED,FTOL_REACHED,FTOL_REACHED
FTOL_REACHED,FTOL_REACHED,FTOL_REACHED
FTOL_REACHED,FTOL_REACHED,FTOL_REACHED
FTOL_REACHED,FTOL_REACHED,FTOL_REACHED
FTOL_REACHED,FTOL_REACHED,FTOL_REACHED
FTOL_REACHED,FTOL_REACHED,FTOL_REACHED
FTOL_REACHED,FTOL_REACHED,FTOL_REACHED
FTOL_REACHED,FTOL_REACHED,FTOL_REACHED
FTOL_REACHED,FTOL_REACHED,FTOL_REACHED
FTOL_REACHED,FTOL_REACHED,FTOL_REACHED
FTOL_REACHED,FTOL_REACHED,FTOL_REACHED
FTOL_REACHED,FTOL_REACHED,FTOL_REACHED
FTOL_REACHED,FTOL_REACHED,FTOL_REACHED
FTOL_REACHED,FTOL_REACHED,FTOL_REACHED
FTOL_REACHED,FTOL_REACHED,FTOL_REACHED
FTOL_REACHED,FTOL_REACHED,FTOL_REACHED
FTOL_REACHED,FTOL_REACHED,FTOL_REACHED
FTOL_REACHED,FTOL_REACHED,FTOL_REACHED
FTOL_REACHED,FTOL_REACHED,FTOL_REACHED
FTOL_REACHED,FTOL_REACHED,FTOL_REACHED
FTOL_REACHED,FTOL_REACHED,FTOL_REACHED
FTOL_REACHED,FTOL_REACHED,FTOL_REACHED
FTOL_REACHED,FTOL_REACHED,FTOL_REACHED
FTOL_REACHED,FTOL_REACHED,FTOL_REACHED
FTOL_REACHED,FTOL_REACHED,FTOL_REACHED
FTOL_REACHED,FTOL_REACHED,FTOL_REACHED
FTOL_REACHED,FTOL_REACHED,FTOL_REACHED
FTOL_REACHED,FTOL_REACHED,FTOL_REACHED
FTOL_REACHED,FTOL_REACHED,FTOL_REACHED
FTOL_REACHED,FTOL_REACHED,FTOL_REACHED
FTOL_REACHED,FTOL_REACHED,FTOL_REACHED
FTOL_REACHED,FTOL_REACHED,FTOL_REACHED
FTOL_REACHED,FTOL_REACHED,FTOL_REACHED
FTOL_REACHED,FTOL_REACHED,FTOL_REACHED
FTOL_REACHED,FTOL_REACHED,FTOL_REACHED
FTOL_REACHED,FTOL_REACHED,FTOL_REACHED
FTOL_REACHED,FTOL_REACHED,FTOL_REACHED
FTOL_REACHED,FTOL_REACHED,FTOL_REACHED
FTOL_REACHED,FTOL_REACHED,FTOL_REACHED
FTOL_REACHED,FTOL_REACHED,FTOL_REACHED
FTOL_REACHED,FTOL_REACHED,FTOL_REACHED
FTOL_REACHED,FTOL_REACHED,FTOL_REACHED
FTOL_REACHED,FTOL_REACHED,FTOL_REACHED
FTOL_REACHED,FTOL_REACHED,FTOL_REACHED
FTOL_REACHED,FTOL_REACHED,FTOL_REACHED
FTOL_REACHED,FTOL_REACHED,FTOL_REACHED
FTOL_REACHED,FTOL_REACHED,FTOL_REACHED
FTOL_REACHED,FTOL_REACHED,FTOL_REACHED
FTOL_REACHED,FTOL_REACHED,FTOL_REACHED
FTOL_REACHED,FTOL_REACHED,FTOL_REACHED
FTOL_REACHED,FTOL_REACHED,FTOL_REACHED
FTOL_REACHED,FTOL_REACHED,FTOL_REACHED
FTOL_REACHED,FTOL_REACHED,FTOL_REACHED
FTOL_REACHED,FTOL_REACHED,FTOL_REACHED
FTOL_REACHED,FTOL_REACHED,FTOL_REACHED
FTOL_REACHED,FTOL_REACHED,FTOL_REACHED
FTOL_REACHED,FTOL_REACHED,FTOL_REACHED
FTOL_REACHED,FTOL_REACHED,FTOL_REACHED
FTOL_REACHED,FTOL_REACHED,FTOL_REACHED
FTOL_REACHED,FTOL_REACHED,FTOL_REACHED
FTOL_REACHED,FTOL_REACHED,FTOL_REACHED
FTOL_REACHED,FTOL_REACHED,FTOL_REACHED
FTOL_REACHED,FTOL_REACHED,FTOL_REACHED
FTOL_REACHED,FTOL_REACHED,FTOL_REACHED
FTOL_REACHED,FTOL_REACHED,FTOL_REACHED
FTOL_REACHED,FTOL_REACHED,FTOL_REACHED
FTOL_REACHED,FTOL_REACHED,FTOL_REACHED
FTOL_REACHED,FTOL_REACHED,FTOL_REACHED
FTOL_REACHED,FTOL_REACHED,FTOL_REACHED
FTOL_REACHED,FTOL_REACHED,FTOL_REACHED
FTOL_REACHED,FTOL_REACHED,FTOL_REACHED
FTOL_REACHED,FTOL_REACHED,FTOL_REACHED
FTOL_REACHED,FTOL_REACHED,FTOL_REACHED
FTOL_REACHED,FTOL_REACHED,FTOL_REACHED
FTOL_REACHED,FTOL_REACHED,FTOL_REACHED
FTOL_REACHED,FTOL_REACHED,FTOL_REACHED
FTOL_REACHED,FTOL_REACHED,FTOL_REACHED
FTOL_REACHED,FTOL_REACHED,FTOL_REACHED
FTOL_REACHED,FTOL_REACHED,FTOL_REACHED
FTOL_REACHED,FTOL_REACHED,FTOL_REACHED
FTOL_REACHED,FTOL_REACHED,FTOL_REACHED
FTOL_REACHED,FTOL_REACHED,FTOL_REACHED
FTOL_REACHED,FTOL_REACHED,FTOL_REACHED
FTOL_REACHED,FTOL_REACHED,FTOL_REACHED
FTOL_REACHED,FTOL_REACHED,FTOL_REACHED
FTOL_REACHED,FTOL_REACHED,FTOL_REACHED
FTOL_REACHED,FTOL_REACHED,FTOL_REACHED
FTOL_REACHED,FTOL_REACHED,FTOL_REACHED
FTOL_REACHED,FTOL_REACHED,FTOL_REACHED
FTOL_REACHED,FTOL_REACHED,FTOL_REACHED
FTOL_REACHED,FTOL_REACHED,FTOL_REACHED
FTOL_REACHED,FTOL_REACHED,FTOL_REACHED
FTOL_REACHED,FTOL_REACHED,FTOL_REACHED
FTOL_REACHED,FTOL_REACHED,FTOL_REACHED
FTOL_REACHED,FTOL_REACHED,FTOL_REACHED
FTOL_REACHED,FTOL_REACHED,FTOL_REACHED
FTOL_REACHED,FTOL_REACHED,FTOL_REACHED
FTOL_REACHED,FTOL_REACHED,FTOL_REACHED
FTOL_REACHED,FTOL_REACHED,FTOL_REACHED
FTOL_REACHED,FTOL_REACHED,FTOL_REACHED
FTOL_REACHED,FTOL_REACHED,FTOL_REACHED
FTOL_REACHED,FTOL_REACHED,FTOL_REACHED
FTOL_REACHED,FTOL_REACHED,FTOL_REACHED
FTOL_REACHED,FTOL_REACHED,FTOL_REACHED
FTOL_REACHED,FTOL_REACHED,FTOL_REACHED
FTOL_REACHED,FTOL_REACHED,FTOL_REACHED
FTOL_REACHED,FTOL_REACHED,FTOL_REACHED
FTOL_REACHED,FTOL_REACHED,FTOL_REACHED
FTOL_REACHED,FTOL_REACHED,FTOL_REACHED
FTOL_REACHED,FTOL_REACHED,FTOL_REACHED
FTOL_REACHED,FTOL_REACHED,FTOL_REACHED
FTOL_REACHED,FTOL_REACHED,FTOL_REACHED
FTOL_REACHED,FTOL_REACHED,FTOL_REACHED
FTOL_REACHED,FTOL_REACHED,FTOL_REACHED
FTOL_REACHED,FTOL_REACHED,FTOL_REACHED
FTOL_REACHED,FTOL_REACHED,FTOL_REACHED
FTOL_REACHED,FTOL_REACHED,FTOL_REACHED
FTOL_REACHED,FTOL_REACHED,FTOL_REACHED
FTOL_REACHED,FTOL_REACHED,FTOL_REACHED
FTOL_REACHED,FTOL_REACHED,FTOL_REACHED
FTOL_REACHED,FTOL_REACHED,FTOL_REACHED
FTOL_REACHED,FTOL_REACHED,FTOL_REACHED
FTOL_REACHED,FTOL_REACHED,FTOL_REACHED
FTOL_REACHED,FTOL_REACHED,FTOL_REACHED
FTOL_REACHED,FTOL_REACHED,FTOL_REACHED
FTOL_REACHED,FTOL_REACHED,FTOL_REACHED
FTOL_REACHED,FTOL_REACHED,FTOL_REACHED
FTOL_REACHED,FTOL_REACHED,FTOL_REACHED
FTOL_REACHED,FTOL_REACHED,FTOL_REACHED
FTOL_REACHED,FTOL_REACHED,FTOL_REACHED
FTOL_REACHED,FTOL_REACHED,FTOL_REACHED
FTOL_REACHED,FTOL_REACHED,FTOL_REACHED
FTOL_REACHED,FTOL_REACHED,FTOL_REACHED
FTOL_REACHED,FTOL_REACHED,FTOL_REACHED
FTOL_REACHED,FTOL_REACHED,FTOL_REACHED
FTOL_REACHED,FTOL_REACHED,FTOL_REACHED
FTOL_REACHED,FTOL_REACHED,FTOL_REACHED
FTOL_REACHED,FTOL_REACHED,FTOL_REACHED
FTOL_REACHED,FTOL_REACHED,FTOL_REACHED
FTOL_REACHED,FTOL_REACHED,FTOL_REACHED
FTOL_REACHED,FTOL_REACHED,FTOL_REACHED
FTOL_REACHED,FTOL_REACHED,FTOL_REACHED
FTOL_REACHED,FTOL_REACHED,FTOL_REACHED
FTOL_REACHED,FTOL_REACHED,FTOL_REACHED
FTOL_REACHED,FTOL_REACHED,FTOL_REACHED
FTOL_REACHED,FTOL_REACHED,FTOL_REACHED
FTOL_REACHED,FTOL_REACHED,FTOL_REACHED
FTOL_REACHED,FTOL_REACHED,FTOL_REACHED
FTOL_REACHED,FTOL_REACHED,FTOL_REACHED
FTOL_REACHED,FTOL_REACHED,FTOL_REACHED
FTOL_REACHED,FTOL_REACHED,FTOL_REACHED
FTOL_REACHED,FTOL_REACHED,FTOL_REACHED
FTOL_REACHED,FTOL_REACHED,FTOL_REACHED
FTOL_REACHED,FTOL_REACHED,FTOL_REACHED
FTOL_REACHED,FTOL_REACHED,FTOL_REACHED
FTOL_REACHED,FTOL_REACHED,FTOL_REACHED
FTOL_REACHED,FTOL_REACHED,FTOL_REACHED
FTOL_REACHED,FTOL_REACHED,FTOL_REACHED
FTOL_REACHED,FTOL_REACHED,FTOL_REACHED
FTOL_REACHED,FTOL_REACHED,FTOL_REACHED
FTOL_REACHED,FTOL_REACHED,FTOL_REACHED
FTOL_REACHED,FTOL_REACHED,FTOL_REACHED
FTOL_REACHED,FTOL_REACHED,FTOL_REACHED
FTOL_REACHED,FTOL_REACHED,FTOL_REACHED
FTOL_REACHED,FTOL_REACHED,FTOL_REACHED
FTOL_REACHED,FTOL_REACHED,FTOL_REACHED
FTOL_REACHED,FTOL_REACHED,FTOL_REACHED
FTOL_REACHED,FTOL_REACHED,FTOL_REACHED
FTOL_REACHED,FTOL_REACHED,FTOL_REACHED
FTOL_REACHED,FTOL_REACHED,FTOL_REACHED
FTOL_REACHED,FTOL_REACHED,FTOL_REACHED
FTOL_REACHED,FTOL_REACHED,FTOL_REACHED
FTOL_REACHED,FTOL_REACHED,FTOL_REACHED
FTOL_REACHED,FTOL_REACHED,FTOL_REACHED
FTOL_REACHED,FTOL_REACHED,FTOL_REACHED
FTOL_REACHED,FTOL_REACHED,FTOL_REACHED
FTOL_REACHED,FTOL_REACHED,FTOL_REACHED
FTOL_REACHED,FTOL_REACHED,FTOL_REACHED
FTOL_REACHED,FTOL_REACHED,FTOL_REACHED
FTOL_REACHED,FTOL_REACHED,FTOL_REACHED
FTOL_REACHED,FTOL_REACHED,FTOL_REACHED
FTOL_REACHED,FTOL_REACHED,FTOL_REACHED
FTOL_REACHED,FTOL_REACHED,FTOL_REACHED
FTOL_REACHED,FTOL_REACHED,FTOL_REACHED
FTOL_REACHED,FTOL_REACHED,FTOL_REACHED
FTOL_REACHED,FTOL_REACHED,FTOL_REACHED
FTOL_REACHED,FTOL_REACHED,FTOL_REACHED
FTOL_REACHED,FTOL_REACHED,FTOL_REACHED
FTOL_REACHED,FTOL_REACHED,FTOL_REACHED
FTOL_REACHED,FTOL_REACHED,FTOL_REACHED
FTOL_REACHED,FTOL_REACHED,FTOL_REACHED
FTOL_REACHED,FTOL_REACHED,FTOL_REACHED
FTOL_REACHED,FTOL_REACHED,FTOL_REACHED
FTOL_REACHED,FTOL_REACHED,FTOL_REACHED
FTOL_REACHED,FTOL_REACHED,FTOL_REACHED
FTOL_REACHED,FTOL_REACHED,FTOL_REACHED
FTOL_REACHED,FTOL_REACHED,FTOL_REACHED
FTOL_REACHED,FTOL_REACHED,FTOL_REACHED
FTOL_REACHED,FTOL_REACHED,FTOL_REACHED
FTOL_REACHED,FTOL_REACHED,FTOL_REACHED
FTOL_REACHED,FTOL_REACHED,FTOL_REACHED
FTOL_REACHED,FTOL_REACHED,FTOL_REACHED
FTOL_REACHED,FTOL_REACHED,FTOL_REACHED
FTOL_REACHED,FTOL_REACHED,FTOL_REACHED
FTOL_REACHED,FTOL_REACHED,FTOL_REACHED
FTOL_REACHED,FTOL_REACHED,FTOL_REACHED
FTOL_REACHED,FTOL_REACHED,FTOL_REACHED
FTOL_REACHED,FTOL_REACHED,FTOL_REACHED
FTOL_REACHED,FTOL_REACHED,FTOL_REACHED
FTOL_REACHED,FTOL_REACHED,FTOL_REACHED
FTOL_REACHED,FTOL_REACHED,FTOL_REACHED
FTOL_REACHED,FTOL_REACHED,FTOL_REACHED
FTOL_REACHED,FTOL_REACHED,FTOL_REACHED
FTOL_REACHED,FTOL_REACHED,FTOL_REACHED
FTOL_REACHED,FTOL_REACHED,FTOL_REACHED
FTOL_REACHED,FTOL_REACHED,FTOL_REACHED
FTOL_REACHED,FTOL_REACHED,FTOL_REACHED
FTOL_REACHED,FTOL_REACHED,FTOL_REACHED
FTOL_REACHED,FTOL_REACHED,FTOL_REACHED
FTOL_REACHED,FTOL_REACHED,FTOL_REACHED
FTOL_REACHED,FTOL_REACHED,FTOL_REACHED
FTOL_REACHED,FTOL_REACHED,FTOL_REACHED
FTOL_REACHED,FTOL_REACHED,FTOL_REACHED
FTOL_REACHED,FTOL_REACHED,FTOL_REACHED
FTOL_REACHED,FTOL_REACHED,FTOL_REACHED
FTOL_REACHED,FTOL_REACHED,FTOL_REACHED
FTOL_REACHED,FTOL_REACHED,FTOL_REACHED
FTOL_REACHED,FTOL_REACHED,FTOL_REACHED
FTOL_REACHED,FTOL_REACHED,FTOL_REACHED
FTOL_REACHED,FTOL_REACHED,FTOL_REACHED
FTOL_REACHED,FTOL_REACHED,FTOL_REACHED
FTOL_REACHED,FTOL_REACHED,FTOL_REACHED
FTOL_REACHED,FTOL_REACHED,FTOL_REACHED
FTOL_REACHED,FTOL_REACHED,FTOL_REACHED
FTOL_REACHED,FTOL_REACHED,FTOL_REACHED
FTOL_REACHED,FTOL_REACHED,FTOL_REACHED
FTOL_REACHED,FTOL_REACHED,FTOL_REACHED
FTOL_REACHED,FTOL_REACHED,FTOL_REACHED
FTOL_REACHED,FTOL_REACHED,FTOL_REACHED
FTOL_REACHED,FTOL_REACHED,FTOL_REACHED
FTOL_REACHED,FTOL_REACHED,FTOL_REACHED
FTOL_REACHED,FTOL_REACHED,FTOL_REACHED
FTOL_REACHED,FTOL_REACHED,FTOL_REACHED
FTOL_REACHED,FTOL_REACHED,FTOL_REACHED
FTOL_REACHED,FTOL_REACHED,FTOL_REACHED
FTOL_REACHED,FTOL_REACHED,FTOL_REACHED
FTOL_REACHED,FTOL_REACHED,FTOL_REACHED
FTOL_REACHED,FTOL_REACHED,FTOL_REACHED
FTOL_REACHED,FTOL_REACHED,FTOL_REACHED
FTOL_REACHED,FTOL_REACHED,FTOL_REACHED
FTOL_REACHED,FTOL_REACHED,FTOL_REACHED
FTOL_REACHED,FTOL_REACHED,FTOL_REACHED
FTOL_REACHED,FTOL_REACHED,FTOL_REACHED
FTOL_REACHED,FTOL_REACHED,FTOL_REACHED
FTOL_REACHED,FTOL_REACHED,FTOL_REACHED
FTOL_REACHED,FTOL_REACHED,FTOL_REACHED
FTOL_REACHED,FTOL_REACHED,FTOL_REACHED
FTOL_REACHED,FTOL_REACHED,FTOL_REACHED
FTOL_REACHED,FTOL_REACHED,FTOL_REACHED
FTOL_REACHED,FTOL_REACHED,FTOL_REACHED
FTOL_REACHED,FTOL_REACHED,FTOL_REACHED
FTOL_REACHED,FTOL_REACHED,FTOL_REACHED
FTOL_REACHED,FTOL_REACHED,FTOL_REACHED
FTOL_REACHED,FTOL_REACHED,FTOL_REACHED
FTOL_REACHED,FTOL_REACHED,FTOL_REACHED
FTOL_REACHED,FTOL_REACHED,FTOL_REACHED
FTOL_REACHED,FTOL_REACHED,FTOL_REACHED
FTOL_REACHED,FTOL_REACHED,FTOL_REACHED
FTOL_REACHED,FTOL_REACHED,FTOL_REACHED
FTOL_REACHED,FTOL_REACHED,FTOL_REACHED
FTOL_REACHED,FTOL_REACHED,FTOL_REACHED
FTOL_REACHED,FTOL_REACHED,FTOL_REACHED
FTOL_REACHED,FTOL_REACHED,FTOL_REACHED
FTOL_REACHED,FTOL_REACHED,FTOL_REACHED
FTOL_REACHED,FTOL_REACHED,FTOL_REACHED
FTOL_REACHED,FTOL_REACHED,FTOL_REACHED
FTOL_REACHED,FTOL_REACHED,FTOL_REACHED
FTOL_REACHED,FTOL_REACHED,FTOL_REACHED
FTOL_REACHED,FTOL_REACHED,FTOL_REACHED
FTOL_REACHED,FTOL_REACHED,FTOL_REACHED
FTOL_REACHED,FTOL_REACHED,FTOL_REACHED
FTOL_REACHED,FTOL_REACHED,FTOL_REACHED
FTOL_REACHED,FTOL_REACHED,FTOL_REACHED
FTOL_REACHED,FTOL_REACHED,FTOL_REACHED
FTOL_REACHED,FTOL_REACHED,FTOL_REACHED
FTOL_REACHED,FTOL_REACHED,FTOL_REACHED
FTOL_REACHED,FTOL_REACHED,FTOL_REACHED
FTOL_REACHED,FTOL_REACHED,FTOL_REACHED
FTOL_REACHED,FTOL_REACHED,FTOL_REACHED
FTOL_REACHED,FTOL_REACHED,FTOL_REACHED
FTOL_REACHED,FTOL_REACHED,FTOL_REACHED
FTOL_REACHED,FTOL_REACHED,FTOL_REACHED
FTOL_REACHED,FTOL_REACHED,FTOL_REACHED
FTOL_REACHED,FTOL_REACHED,FTOL_REACHED
FTOL_REACHED,FTOL_REACHED,FTOL_REACHED
FTOL_REACHED,FTOL_REACHED,FTOL_REACHED
FTOL_REACHED,FTOL_REACHED,FTOL_REACHED
FTOL_REACHED,FTOL_REACHED,FTOL_REACHED
FTOL_REACHED,FTOL_REACHED,FTOL_REACHED
FTOL_REACHED,FTOL_REACHED,FTOL_REACHED
FTOL_REACHED,FTOL_REACHED,FTOL_REACHED
FTOL_REACHED,FTOL_REACHED,FTOL_REACHED
FTOL_REACHED,FTOL_REACHED,FTOL_REACHED
FTOL_REACHED,FTOL_REACHED,FTOL_REACHED
FTOL_REACHED,FTOL_REACHED,FTOL_REACHED
FTOL_REACHED,FTOL_REACHED,FTOL_REACHED
FTOL_REACHED,FTOL_REACHED,FTOL_REACHED
FTOL_REACHED,FTOL_REACHED,FTOL_REACHED
FTOL_REACHED,FTOL_REACHED,FTOL_REACHED
FTOL_REACHED,FTOL_REACHED,FTOL_REACHED
FTOL_REACHED,FTOL_REACHED,FTOL_REACHED
FTOL_REACHED,FTOL_REACHED,FTOL_REACHED
FTOL_REACHED,FTOL_REACHED,FTOL_REACHED
FTOL_REACHED,FTOL_REACHED,FTOL_REACHED
FTOL_REACHED,FTOL_REACHED,FTOL_REACHED
FTOL_REACHED,FTOL_REACHED,FTOL_REACHED
FTOL_REACHED,FTOL_REACHED,FTOL_REACHED
FTOL_REACHED,FTOL_REACHED,FTOL_REACHED
FTOL_REACHED,FTOL_REACHED,FTOL_REACHED
FTOL_REACHED,FTOL_REACHED,FTOL_REACHED
FTOL_REACHED,FTOL_REACHED,FTOL_REACHED
FTOL_REACHED,FTOL_REACHED,FTOL_REACHED
FTOL_REACHED,FTOL_REACHED,FTOL_REACHED
FTOL_REACHED,FTOL_REACHED,FTOL_REACHED
FTOL_REACHED,FTOL_REACHED,FTOL_REACHED
FTOL_REACHED,FTOL_REACHED,FTOL_REACHED
FTOL_REACHED,FTOL_REACHED,FTOL_REACHED
FTOL_REACHED,FTOL_REACHED,FTOL_REACHED
FTOL_REACHED,FTOL_REACHED,FTOL_REACHED
FTOL_REACHED,FTOL_REACHED,FTOL_REACHED
FTOL_REACHED,FTOL_REACHED,FTOL_REACHED
FTOL_REACHED,FTOL_REACHED,FTOL_REACHED
FTOL_REACHED,FTOL_REACHED,FTOL_REACHED
FTOL_REACHED,FTOL_REACHED,FTOL_REACHED
FTOL_REACHED,FTOL_REACHED,FTOL_REACHED
FTOL_REACHED,FTOL_REACHED,FTOL_REACHED
FTOL_REACHED,FTOL_REACHED,FTOL_REACHED
FTOL_REACHED,FTOL_REACHED,FTOL_REACHED
FTOL_REACHED,FTOL_REACHED,FTOL_REACHED
FTOL_REACHED,FTOL_REACHED,FTOL_REACHED
FTOL_REACHED,FTOL_REACHED,FTOL_REACHED
FTOL_REACHED,FTOL_REACHED,FTOL_REACHED
FTOL_REACHED,FTOL_REACHED,FTOL_REACHED
FTOL_REACHED,FTOL_REACHED,FTOL_REACHED
FTOL_REACHED,FTOL_REACHED,FTOL_REACHED
FTOL_REACHED,FTOL_REACHED,FTOL_REACHED
FTOL_REACHED,FTOL_REACHED,FTOL_REACHED
FTOL_REACHED,FTOL_REACHED,FTOL_REACHED
FTOL_REACHED,FTOL_REACHED,FTOL_REACHED
FTOL_REACHED,FTOL_REACHED,FTOL_REACHED
FTOL_REACHED,FTOL_REACHED,FTOL_REACHED
FTOL_REACHED,FTOL_REACHED,FTOL_REACHED
FTOL_REACHED,FTOL_REACHED,FTOL_REACHED
FTOL_REACHED,FTOL_REACHED,FTOL_REACHED
FTOL_REACHED,FTOL_REACHED,FTOL_REACHED
FTOL_REACHED,FTOL_REACHED,FTOL_REACHED
FTOL_REACHED,FTOL_REACHED,FTOL_REACHED
FTOL_REACHED,FTOL_REACHED,FTOL_REACHED
FTOL_REACHED,FTOL_REACHED,FTOL_REACHED
FTOL_REACHED,FTOL_REACHED,FTOL_REACHED
FTOL_REACHED,FTOL_REACHED,FTOL_REACHED
FTOL_REACHED,FTOL_REACHED,FTOL_REACHED
FTOL_REACHED,FTOL_REACHED,FTOL_REACHED
FTOL_REACHED,FTOL_REACHED,FTOL_REACHED
FTOL_REACHED,FTOL_REACHED,FTOL_REACHED
FTOL_REACHED,FTOL_REACHED,FTOL_REACHED
FTOL_REACHED,FTOL_REACHED,FTOL_REACHED
FTOL_REACHED,FTOL_REACHED,FTOL_REACHED
FTOL_REACHED,FTOL_REACHED,FTOL_REACHED
FTOL_REACHED,FTOL_REACHED,FTOL_REACHED
FTOL_REACHED,FTOL_REACHED,FTOL_REACHED
FTOL_REACHED,FTOL_REACHED,FTOL_REACHED
FTOL_REACHED,FTOL_REACHED,FTOL_REACHED
FTOL_REACHED,FTOL_REACHED,FTOL_REACHED
FTOL_REACHED,FTOL_REACHED,FTOL_REACHED
FTOL_REACHED,FTOL_REACHED,FTOL_REACHED
FTOL_REACHED,FTOL_REACHED,FTOL_REACHED
FTOL_REACHED,FTOL_REACHED,FTOL_REACHED
FTOL_REACHED,FTOL_REACHED,FTOL_REACHED
FTOL_REACHED,FTOL_REACHED,FTOL_REACHED
FTOL_REACHED,FTOL_REACHED,FTOL_REACHED
FTOL_REACHED,FTOL_REACHED,FTOL_REACHED
FTOL_REACHED,FTOL_REACHED,FTOL_REACHED
FTOL_REACHED,FTOL_REACHED,FTOL_REACHED
FTOL_REACHED,FTOL_REACHED,FTOL_REACHED
FTOL_REACHED,FTOL_REACHED,FTOL_REACHED
FTOL_REACHED,FTOL_REACHED,FTOL_REACHED
FTOL_REACHED,FTOL_REACHED,FTOL_REACHED
FTOL_REACHED,FTOL_REACHED,FTOL_REACHED
FTOL_REACHED,FTOL_REACHED,FTOL_REACHED
FTOL_REACHED,FTOL_REACHED,FTOL_REACHED
FTOL_REACHED,FTOL_REACHED,FTOL_REACHED
FTOL_REACHED,FTOL_REACHED,FTOL_REACHED
FTOL_REACHED,FTOL_REACHED,FTOL_REACHED
FTOL_REACHED,FTOL_REACHED,FTOL_REACHED
FTOL_REACHED,FTOL_REACHED,FTOL_REACHED
FTOL_REACHED,FTOL_REACHED,FTOL_REACHED
FTOL_REACHED,FTOL_REACHED,FTOL_REACHED
FTOL_REACHED,FTOL_REACHED,FTOL_REACHED
FTOL_REACHED,FTOL_REACHED,FTOL_REACHED
FTOL_REACHED,FTOL_REACHED,FTOL_REACHED
FTOL_REACHED,FTOL_REACHED,FTOL_REACHED
FTOL_REACHED,FTOL_REACHED,FTOL_REACHED
FTOL_REACHED,FTOL_REACHED,FTOL_REACHED
FTOL_REACHED,FTOL_REACHED,FTOL_REACHED
FTOL_REACHED,FTOL_REACHED,FTOL_REACHED
FTOL_REACHED,FTOL_REACHED,FTOL_REACHED
FTOL_REACHED,FTOL_REACHED,FTOL_REACHED
FTOL_REACHED,FTOL_REACHED,FTOL_REACHED
FTOL_REACHED,FTOL_REACHED,FTOL_REACHED
FTOL_REACHED,FTOL_REACHED,FTOL_REACHED
FTOL_REACHED,FTOL_REACHED,FTOL_REACHED
FTOL_REACHED,FTOL_REACHED,FTOL_REACHED
FTOL_REACHED,FTOL_REACHED,FTOL_REACHED
FTOL_REACHED,FTOL_REACHED,FTOL_REACHED
FTOL_REACHED,FTOL_REACHED,FTOL_REACHED
FTOL_REACHED,FTOL_REACHED,FTOL_REACHED
FTOL_REACHED,FTOL_REACHED,FTOL_REACHED
FTOL_REACHED,FTOL_REACHED,FTOL_REACHED
FTOL_REACHED,FTOL_REACHED,FTOL_REACHED
FTOL_REACHED,FTOL_REACHED,FTOL_REACHED
FTOL_REACHED,FTOL_REACHED,FTOL_REACHED
FTOL_REACHED,FTOL_REACHED,FTOL_REACHED
FTOL_REACHED,FTOL_REACHED,FTOL_REACHED
FTOL_REACHED,FTOL_REACHED,FTOL_REACHED
FTOL_REACHED,FTOL_REACHED,FTOL_REACHED
FTOL_REACHED,FTOL_REACHED,FTOL_REACHED
FTOL_REACHED,FTOL_REACHED,FTOL_REACHED
FTOL_REACHED,FTOL_REACHED,FTOL_REACHED
FTOL_REACHED,FTOL_REACHED,FTOL_REACHED
FTOL_REACHED,FTOL_REACHED,FTOL_REACHED
FTOL_REACHED,FTOL_REACHED,FTOL_REACHED
FTOL_REACHED,FTOL_REACHED,FTOL_REACHED
FTOL_REACHED,FTOL_REACHED,FTOL_REACHED
FTOL_REACHED,FTOL_REACHED,FTOL_REACHED
FTOL_REACHED,FTOL_REACHED,FTOL_REACHED
FTOL_REACHED,FTOL_REACHED,FTOL_REACHED
FTOL_REACHED,FTOL_REACHED,FTOL_REACHED
FTOL_REACHED,FTOL_REACHED,FTOL_REACHED
FTOL_REACHED,FTOL_REACHED,FTOL_REACHED
FTOL_REACHED,FTOL_REACHED,FTOL_REACHED
FTOL_REACHED,FTOL_REACHED,FTOL_REACHED
FTOL_REACHED,FTOL_REACHED,FTOL_REACHED
FTOL_REACHED,FTOL_REACHED,FTOL_REACHED
FTOL_REACHED,FTOL_REACHED,FTOL_REACHED
FTOL_REACHED,FTOL_REACHED,FTOL_REACHED
FTOL_REACHED,FTOL_REACHED,FTOL_REACHED
FTOL_REACHED,FTOL_REACHED,FTOL_REACHED
FTOL_REACHED,FTOL_REACHED,FTOL_REACHED
FTOL_REACHED,FTOL_REACHED,FTOL_REACHED
FTOL_REACHED,FTOL_REACHED,FTOL_REACHED
FTOL_REACHED,FTOL_REACHED,FTOL_REACHED
FTOL_REACHED,FTOL_REACHED,FTOL_REACHED
FTOL_REACHED,FTOL_REACHED,FTOL_REACHED
FTOL_REACHED,FTOL_REACHED,FTOL_REACHED
FTOL_REACHED,FTOL_REACHED,FTOL_REACHED
FTOL_REACHED,FTOL_REACHED,FTOL_REACHED
FTOL_REACHED,FTOL_REACHED,FTOL_REACHED
FTOL_REACHED,FTOL_REACHED,FTOL_REACHED
FTOL_REACHED,FTOL_REACHED,FTOL_REACHED
FTOL_REACHED,FTOL_REACHED,FTOL_REACHED
FTOL_REACHED,FTOL_REACHED,FTOL_REACHED
FTOL_REACHED,FTOL_REACHED,FTOL_REACHED
FTOL_REACHED,FTOL_REACHED,FTOL_REACHED
FTOL_REACHED,FTOL_REACHED,FTOL_REACHED
FTOL_REACHED,FTOL_REACHED,FTOL_REACHED
FTOL_REACHED,FTOL_REACHED,FTOL_REACHED
FTOL_REACHED,FTOL_REACHED,FTOL_REACHED
FTOL_REACHED,FTOL_REACHED,FTOL_REACHED
FTOL_REACHED,FTOL_REACHED,FTOL_REACHED
FTOL_REACHED,FTOL_REACHED,FTOL_REACHED
FTOL_REACHED,FTOL_REACHED,FTOL_REACHED
FTOL_REACHED,FTOL_REACHED,FTOL_REACHED
FTOL_REACHED,FTOL_REACHED,FTOL_REACHED
FTOL_REACHED,FTOL_REACHED,FTOL_REACHED
FTOL_REACHED,FTOL_REACHED,FTOL_REACHED
FTOL_REACHED,FTOL_REACHED,FTOL_REACHED
FTOL_REACHED,FTOL_REACHED,FTOL_REACHED
FTOL_REACHED,FTOL_REACHED,FTOL_REACHED
FTOL_REACHED,FTOL_REACHED,FTOL_REACHED
FTOL_REACHED,FTOL_REACHED,FTOL_REACHED
FTOL_REACHED,FTOL_REACHED,FTOL_REACHED
FTOL_REACHED,FTOL_REACHED,FTOL_REACHED
FTOL_REACHED,FTOL_REACHED,FTOL_REACHED
FTOL_REACHED,FTOL_REACHED,FTOL_REACHED
FTOL_REACHED,FTOL_REACHED,FTOL_REACHED
FTOL_REACHED,FTOL_REACHED,FTOL_REACHED
FTOL_REACHED,FTOL_REACHED,FTOL_REACHED
FTOL_REACHED,FTOL_REACHED,FTOL_REACHED
FTOL_REACHED,FTOL_REACHED,FTOL_REACHED
FTOL_REACHED,FTOL_REACHED,FTOL_REACHED
FTOL_REACHED,FTOL_REACHED,FTOL_REACHED
FTOL_REACHED,FTOL_REACHED,FTOL_REACHED
FTOL_REACHED,FTOL_REACHED,FTOL_REACHED
FTOL_REACHED,FTOL_REACHED,FTOL_REACHED
FTOL_REACHED,FTOL_REACHED,FTOL_REACHED
FTOL_REACHED,FTOL_REACHED,FTOL_REACHED
FTOL_REACHED,FTOL_REACHED,FTOL_REACHED
FTOL_REACHED,FTOL_REACHED,FTOL_REACHED
FTOL_REACHED,FTOL_REACHED,FTOL_REACHED
FTOL_REACHED,FTOL_REACHED,FTOL_REACHED
FTOL_REACHED,FTOL_REACHED,FTOL_REACHED
FTOL_REACHED,FTOL_REACHED,FTOL_REACHED
FTOL_REACHED,FTOL_REACHED,FTOL_REACHED
FTOL_REACHED,FTOL_REACHED,FTOL_REACHED
FTOL_REACHED,FTOL_REACHED,FTOL_REACHED
FTOL_REACHED,FTOL_REACHED,FTOL_REACHED
FTOL_REACHED,FTOL_REACHED,FTOL_REACHED
FTOL_REACHED,FTOL_REACHED,FTOL_REACHED
FTOL_REACHED,FTOL_REACHED,FTOL_REACHED
FTOL_REACHED,FTOL_REACHED,FTOL_REACHED
FTOL_REACHED,FTOL_REACHED,FTOL_REACHED
FTOL_REACHED,FTOL_REACHED,FTOL_REACHED
FTOL_REACHED,FTOL_REACHED,FTOL_REACHED
FTOL_REACHED,FTOL_REACHED,FTOL_REACHED
FTOL_REACHED,FTOL_REACHED,FTOL_REACHED
FTOL_REACHED,FTOL_REACHED,FTOL_REACHED
FTOL_REACHED,FTOL_REACHED,FTOL_REACHED
FTOL_REACHED,FTOL_REACHED,FTOL_REACHED
FTOL_REACHED,FTOL_REACHED,FTOL_REACHED
FTOL_REACHED,FTOL_REACHED,FTOL_REACHED
FTOL_REACHED,FTOL_REACHED,FTOL_REACHED
FTOL_REACHED,FTOL_REACHED,FTOL_REACHED
FTOL_REACHED,FTOL_REACHED,FTOL_REACHED
FTOL_REACHED,FTOL_REACHED,FTOL_REACHED
FTOL_REACHED,FTOL_REACHED,FTOL_REACHED
FTOL_REACHED,FTOL_REACHED,FTOL_REACHED
FTOL_REACHED,FTOL_REACHED,FTOL_REACHED
FTOL_REACHED,FTOL_REACHED,FTOL_REACHED
FTOL_REACHED,FTOL_REACHED,FTOL_REACHED
FTOL_REACHED,FTOL_REACHED,FTOL_REACHED
FTOL_REACHED,FTOL_REACHED,FTOL_REACHED
FTOL_REACHED,FTOL_REACHED,FTOL_REACHED
FTOL_REACHED,FTOL_REACHED,FTOL_REACHED
FTOL_REACHED,FTOL_REACHED,FTOL_REACHED
FTOL_REACHED,FTOL_REACHED,FTOL_REACHED
FTOL_REACHED,FTOL_REACHED,FTOL_REACHED
FTOL_REACHED,FTOL_REACHED,FTOL_REACHED
FTOL_REACHED,FTOL_REACHED,FTOL_REACHED
FTOL_REACHED,FTOL_REACHED,FTOL_REACHED
FTOL_REACHED,FTOL_REACHED,FTOL_REACHED
FTOL_REACHED,FTOL_REACHED,FTOL_REACHED
FTOL_REACHED,FTOL_REACHED,FTOL_REACHED
FTOL_REACHED,FTOL_REACHED,FTOL_REACHED
FTOL_REACHED,FTOL_REACHED,FTOL_REACHED
FTOL_REACHED,FTOL_REACHED,FTOL_REACHED
FTOL_REACHED,FTOL_REACHED,FTOL_REACHED
FTOL_REACHED,FTOL_REACHED,FTOL_REACHED
FTOL_REACHED,FTOL_REACHED,FTOL_REACHED
FTOL_REACHED,FTOL_REACHED,FTOL_REACHED
FTOL_REACHED,FTOL_REACHED,FTOL_REACHED
FTOL_REACHED,FTOL_REACHED,FTOL_REACHED
FTOL_REACHED,FTOL_REACHED,FTOL_REACHED
FTOL_REACHED,FTOL_REACHED,FTOL_REACHED
FTOL_REACHED,FTOL_REACHED,FTOL_REACHED
FTOL_REACHED,FTOL_REACHED,FTOL_REACHED
FTOL_REACHED,FTOL_REACHED,FTOL_REACHED
FTOL_REACHED,FTOL_REACHED,FTOL_REACHED
FTOL_REACHED,FTOL_REACHED,FTOL_REACHED
FTOL_REACHED,FTOL_REACHED,FTOL_REACHED
FTOL_REACHED,FTOL_REACHED,FTOL_REACHED
FTOL_REACHED,FTOL_REACHED,FTOL_REACHED
FTOL_REACHED,FTOL_REACHED,FTOL_REACHED
FTOL_REACHED,FTOL_REACHED,FTOL_REACHED
FTOL_REACHED,FTOL_REACHED,FTOL_REACHED
FTOL_REACHED,FTOL_REACHED,FTOL_REACHED
FTOL_REACHED,FTOL_REACHED,FTOL_REACHED
FTOL_REACHED,FTOL_REACHED,FTOL_REACHED
FTOL_REACHED,FTOL_REACHED,FTOL_REACHED
FTOL_REACHED,FTOL_REACHED,FTOL_REACHED
FTOL_REACHED,FTOL_REACHED,FTOL_REACHED
FTOL_REACHED,FTOL_REACHED,FTOL_REACHED
FTOL_REACHED,FTOL_REACHED,FTOL_REACHED
FTOL_REACHED,FTOL_REACHED,FTOL_REACHED
FTOL_REACHED,FTOL_REACHED,FTOL_REACHED
FTOL_REACHED,FTOL_REACHED,FTOL_REACHED
FTOL_REACHED,FTOL_REACHED,FTOL_REACHED
FTOL_REACHED,FTOL_REACHED,FTOL_REACHED
FTOL_REACHED,FTOL_REACHED,FTOL_REACHED
FTOL_REACHED,FTOL_REACHED,FTOL_REACHED
FTOL_REACHED,FTOL_REACHED,FTOL_REACHED
FTOL_REACHED,FTOL_REACHED,FTOL_REACHED
FTOL_REACHED,FTOL_REACHED,FTOL_REACHED
FTOL_REACHED,FTOL_REACHED,FTOL_REACHED
FTOL_REACHED,FTOL_REACHED,FTOL_REACHED
FTOL_REACHED,FTOL_REACHED,FTOL_REACHED
FTOL_REACHED,FTOL_REACHED,FTOL_REACHED
FTOL_REACHED,FTOL_REACHED,FTOL_REACHED
FTOL_REACHED,FTOL_REACHED,FTOL_REACHED
FTOL_REACHED,FTOL_REACHED,FTOL_REACHED
FTOL_REACHED,FTOL_REACHED,FTOL_REACHED
FTOL_REACHED,FTOL_REACHED,FTOL_REACHED
FTOL_REACHED,FTOL_REACHED,FTOL_REACHED
FTOL_REACHED,FTOL_REACHED,FTOL_REACHED
FTOL_REACHED,FTOL_REACHED,FTOL_REACHED
FTOL_REACHED,FTOL_REACHED,FTOL_REACHED
FTOL_REACHED,FTOL_REACHED,FTOL_REACHED
FTOL_REACHED,FTOL_REACHED,FTOL_REACHED
FTOL_REACHED,FTOL_REACHED,FTOL_REACHED
FTOL_REACHED,FTOL_REACHED,FTOL_REACHED
FTOL_REACHED,FTOL_REACHED,FTOL_REACHED
FTOL_REACHED,FTOL_REACHED,FTOL_REACHED
FTOL_REACHED,FTOL_REACHED,FTOL_REACHED
FTOL_REACHED,FTOL_REACHED,FTOL_REACHED
FTOL_REACHED,FTOL_REACHED,FTOL_REACHED
FTOL_REACHED,FTOL_REACHED,FTOL_REACHED
FTOL_REACHED,FTOL_REACHED,FTOL_REACHED
FTOL_REACHED,FTOL_REACHED,FTOL_REACHED
FTOL_REACHED,FTOL_REACHED,FTOL_REACHED
FTOL_REACHED,FTOL_REACHED,FTOL_REACHED
FTOL_REACHED,FTOL_REACHED,FTOL_REACHED
FTOL_REACHED,FTOL_REACHED,FTOL_REACHED
FTOL_REACHED,FTOL_REACHED,FTOL_REACHED
FTOL_REACHED,FTOL_REACHED,FTOL_REACHED
FTOL_REACHED,FTOL_REACHED,FTOL_REACHED
FTOL_REACHED,FTOL_REACHED,FTOL_REACHED
FTOL_REACHED,FTOL_REACHED,FTOL_REACHED
FTOL_REACHED,FTOL_REACHED,FTOL_REACHED
FTOL_REACHED,FTOL_REACHED,FTOL_REACHED
FTOL_REACHED,FTOL_REACHED,FTOL_REACHED
FTOL_REACHED,FTOL_REACHED,FTOL_REACHED
FTOL_REACHED,FTOL_REACHED,FTOL_REACHED
FTOL_REACHED,FTOL_REACHED,FTOL_REACHED
FTOL_REACHED,FTOL_REACHED,FTOL_REACHED
FTOL_REACHED,FTOL_REACHED,FTOL_REACHED
FTOL_REACHED,FTOL_REACHED,FTOL_REACHED
FTOL_REACHED,FTOL_REACHED,FTOL_REACHED
FTOL_REACHED,FTOL_REACHED,FTOL_REACHED
FTOL_REACHED,FTOL_REACHED,FTOL_REACHED
FTOL_REACHED,FTOL_REACHED,FTOL_REACHED
FTOL_REACHED,FTOL_REACHED,FTOL_REACHED
FTOL_REACHED,FTOL_REACHED,FTOL_REACHED
FTOL_REACHED,FTOL_REACHED,FTOL_REACHED
FTOL_REACHED,FTOL_REACHED,FTOL_REACHED
FTOL_REACHED,FTOL_REACHED,FTOL_REACHED
FTOL_REACHED,FTOL_REACHED,FTOL_REACHED
FTOL_REACHED,FTOL_REACHED,FTOL_REACHED
FTOL_REACHED,FTOL_REACHED,FTOL_REACHED
FTOL_REACHED,FTOL_REACHED,FTOL_REACHED
FTOL_REACHED,FTOL_REACHED,FTOL_REACHED
FTOL_REACHED,FTOL_REACHED,FTOL_REACHED
FTOL_REACHED,FTOL_REACHED,FTOL_REACHED
FTOL_REACHED,FTOL_REACHED,FTOL_REACHED
FTOL_REACHED,FTOL_REACHED,FTOL_REACHED
FTOL_REACHED,FTOL_REACHED,FTOL_REACHED
FTOL_REACHED,FTOL_REACHED,FTOL_REACHED
FTOL_REACHED,FTOL_REACHED,FTOL_REACHED
FTOL_REACHED,FTOL_REACHED,FTOL_REACHED
FTOL_REACHED,FTOL_REACHED,FTOL_REACHED
FTOL_REACHED,FTOL_REACHED,FTOL_REACHED
FTOL_REACHED,FTOL_REACHED,FTOL_REACHED
FTOL_REACHED,FTOL_REACHED,FTOL_REACHED
FTOL_REACHED,FTOL_REACHED,FTOL_REACHED
FTOL_REACHED,FTOL_REACHED,FTOL_REACHED
FTOL_REACHED,FTOL_REACHED,FTOL_REACHED
FTOL_REACHED,FTOL_REACHED,FTOL_REACHED
FTOL_REACHED,FTOL_REACHED,FTOL_REACHED
FTOL_REACHED,FTOL_REACHED,FTOL_REACHED
FTOL_REACHED,FTOL_REACHED,FTOL_REACHED
FTOL_REACHED,FTOL_REACHED,FTOL_REACHED
FTOL_REACHED,FTOL_REACHED,FTOL_REACHED
FTOL_REACHED,FTOL_REACHED,FTOL_REACHED
FTOL_REACHED,FTOL_REACHED,FTOL_REACHED
FTOL_REACHED,FTOL_REACHED,FTOL_REACHED
FTOL_REACHED,FTOL_REACHED,FTOL_REACHED
FTOL_REACHED,FTOL_REACHED,FTOL_REACHED
FTOL_REACHED,FTOL_REACHED,FTOL_REACHED
FTOL_REACHED,FTOL_REACHED,FTOL_REACHED
FTOL_REACHED,FTOL_REACHED,FTOL_REACHED
FTOL_REACHED,FTOL_REACHED,FTOL_REACHED
FTOL_REACHED,FTOL_REACHED,FTOL_REACHED
FTOL_REACHED,FTOL_REACHED,FTOL_REACHED
FTOL_REACHED,FTOL_REACHED,FTOL_REACHED
FTOL_REACHED,FTOL_REACHED,FTOL_REACHED
FTOL_REACHED,FTOL_REACHED,FTOL_REACHED
FTOL_REACHED,FTOL_REACHED,FTOL_REACHED
FTOL_REACHED,FTOL_REACHED,FTOL_REACHED
FTOL_REACHED,FTOL_REACHED,FTOL_REACHED
FTOL_REACHED,FTOL_REACHED,FTOL_REACHED
FTOL_REACHED,FTOL_REACHED,FTOL_REACHED
FTOL_REACHED,FTOL_REACHED,FTOL_REACHED
FTOL_REACHED,FTOL_REACHED,FTOL_REACHED
FTOL_REACHED,FTOL_REACHED,FTOL_REACHED
FTOL_REACHED,FTOL_REACHED,FTOL_REACHED
FTOL_REACHED,FTOL_REACHED,FTOL_REACHED
FTOL_REACHED,FTOL_REACHED,FTOL_REACHED
FTOL_REACHED,FTOL_REACHED,FTOL_REACHED
FTOL_REACHED,FTOL_REACHED,FTOL_REACHED
FTOL_REACHED,FTOL_REACHED,FTOL_REACHED
FTOL_REACHED,FTOL_REACHED,FTOL_REACHED
FTOL_REACHED,FTOL_REACHED,FTOL_REACHED
FTOL_REACHED,FTOL_REACHED,FTOL_REACHED
FTOL_REACHED,FTOL_REACHED,FTOL_REACHED
FTOL_REACHED,FTOL_REACHED,FTOL_REACHED
FTOL_REACHED,FTOL_REACHED,FTOL_REACHED
FTOL_REACHED,FTOL_REACHED,FTOL_REACHED
FTOL_REACHED,FTOL_REACHED,FTOL_REACHED
FTOL_REACHED,FTOL_REACHED,FTOL_REACHED
FTOL_REACHED,FTOL_REACHED,FTOL_REACHED
FTOL_REACHED,FTOL_REACHED,FTOL_REACHED
FTOL_REACHED,FTOL_REACHED,FTOL_REACHED
FTOL_REACHED,FTOL_REACHED,FTOL_REACHED
FTOL_REACHED,FTOL_REACHED,FTOL_REACHED
FTOL_REACHED,FTOL_REACHED,FTOL_REACHED
FTOL_REACHED,FTOL_REACHED,FTOL_REACHED
FTOL_REACHED,FTOL_REACHED,FTOL_REACHED
FTOL_REACHED,FTOL_REACHED,FTOL_REACHED
FTOL_REACHED,FTOL_REACHED,FTOL_REACHED
FTOL_REACHED,FTOL_REACHED,FTOL_REACHED
FTOL_REACHED,FTOL_REACHED,FTOL_REACHED
FTOL_REACHED,FTOL_REACHED,FTOL_REACHED
FTOL_REACHED,FTOL_REACHED,FTOL_REACHED
FTOL_REACHED,FTOL_REACHED,FTOL_REACHED
FTOL_REACHED,FTOL_REACHED,FTOL_REACHED
FTOL_REACHED,FTOL_REACHED,FTOL_REACHED
FTOL_REACHED,FTOL_REACHED,FTOL_REACHED
FTOL_REACHED,FTOL_REACHED,FTOL_REACHED
FTOL_REACHED,FTOL_REACHED,FTOL_REACHED
FTOL_REACHED,FTOL_REACHED,FTOL_REACHED
FTOL_REACHED,FTOL_REACHED,FTOL_REACHED
FTOL_REACHED,FTOL_REACHED,FTOL_REACHED
FTOL_REACHED,FTOL_REACHED,FTOL_REACHED
FTOL_REACHED,FTOL_REACHED,FTOL_REACHED
FTOL_REACHED,FTOL_REACHED,FTOL_REACHED
FTOL_REACHED,FTOL_REACHED,FTOL_REACHED
FTOL_REACHED,FTOL_REACHED,FTOL_REACHED
FTOL_REACHED,FTOL_REACHED,FTOL_REACHED
FTOL_REACHED,FTOL_REACHED,FTOL_REACHED
FTOL_REACHED,FTOL_REACHED,FTOL_REACHED
FTOL_REACHED,FTOL_REACHED,FTOL_REACHED
FTOL_REACHED,FTOL_REACHED,FTOL_REACHED
FTOL_REACHED,FTOL_REACHED,FTOL_REACHED
FTOL_REACHED,FTOL_REACHED,FTOL_REACHED
FTOL_REACHED,FTOL_REACHED,FTOL_REACHED
FTOL_REACHED,FTOL_REACHED,FTOL_REACHED
FTOL_REACHED,FTOL_REACHED,FTOL_REACHED
FTOL_REACHED,FTOL_REACHED,FTOL_REACHED
FTOL_REACHED,FTOL_REACHED,FTOL_REACHED
FTOL_REACHED,FTOL_REACHED,FTOL_REACHED
FTOL_REACHED,FTOL_REACHED,FTOL_REACHED
FTOL_REACHED,FTOL_REACHED,FTOL_REACHED
FTOL_REACHED,FTOL_REACHED,FTOL_REACHED
FTOL_REACHED,FTOL_REACHED,FTOL_REACHED
FTOL_REACHED,FTOL_REACHED,FTOL_REACHED
FTOL_REACHED,FTOL_REACHED,FTOL_REACHED
FTOL_REACHED,FTOL_REACHED,FTOL_REACHED
FTOL_REACHED,FTOL_REACHED,FTOL_REACHED
FTOL_REACHED,FTOL_REACHED,FTOL_REACHED
FTOL_REACHED,FTOL_REACHED,FTOL_REACHED
FTOL_REACHED,FTOL_REACHED,FTOL_REACHED
FTOL_REACHED,FTOL_REACHED,FTOL_REACHED
FTOL_REACHED,FTOL_REACHED,FTOL_REACHED
FTOL_REACHED,FTOL_REACHED,FTOL_REACHED
FTOL_REACHED,FTOL_REACHED,FTOL_REACHED
FTOL_REACHED,FTOL_REACHED,FTOL_REACHED
FTOL_REACHED,FTOL_REACHED,FTOL_REACHED
FTOL_REACHED,FTOL_REACHED,FTOL_REACHED
FTOL_REACHED,FTOL_REACHED,FTOL_REACHED
FTOL_REACHED,FTOL_REACHED,FTOL_REACHED
FTOL_REACHED,FTOL_REACHED,FTOL_REACHED
FTOL_REACHED,FTOL_REACHED,FTOL_REACHED
FTOL_REACHED,FTOL_REACHED,FTOL_REACHED
FTOL_REACHED,FTOL_REACHED,FTOL_REACHED
FTOL_REACHED,FTOL_REACHED,FTOL_REACHED
FTOL_REACHED,FTOL_REACHED,FTOL_REACHED
FTOL_REACHED,FTOL_REACHED,FTOL_REACHED
FTOL_REACHED,FTOL_REACHED,FTOL_REACHED
FTOL_REACHED,FTOL_REACHED,FTOL_REACHED
FTOL_REACHED,FTOL_REACHED,FTOL_REACHED
FTOL_REACHED,FTOL_REACHED,FTOL_REACHED
FTOL_REACHED,FTOL_REACHED,FTOL_REACHED
FTOL_REACHED,FTOL_REACHED,FTOL_REACHED
FTOL_REACHED,FTOL_REACHED,FTOL_REACHED
FTOL_REACHED,FTOL_REACHED,FTOL_REACHED
FTOL_REACHED,FTOL_REACHED,FTOL_REACHED
FTOL_REACHED,FTOL_REACHED,FTOL_REACHED
FTOL_REACHED,FTOL_REACHED,FTOL_REACHED
FTOL_REACHED,FTOL_REACHED,FTOL_REACHED
FTOL_REACHED,FTOL_REACHED,FTOL_REACHED
FTOL_REACHED,FTOL_REACHED,FTOL_REACHED
FTOL_REACHED,FTOL_REACHED,FTOL_REACHED
FTOL_REACHED,FTOL_REACHED,FTOL_REACHED
FTOL_REACHED,FTOL_REACHED,FTOL_REACHED
FTOL_REACHED,FTOL_REACHED,FTOL_REACHED
FTOL_REACHED,FTOL_REACHED,FTOL_REACHED
FTOL_REACHED,FTOL_REACHED,FTOL_REACHED
FTOL_REACHED,FTOL_REACHED,FTOL_REACHED
FTOL_REACHED,FTOL_REACHED,FTOL_REACHED
FTOL_REACHED,FTOL_REACHED,FTOL_REACHED
FTOL_REACHED,FTOL_REACHED,FTOL_REACHED
FTOL_REACHED,FTOL_REACHED,FTOL_REACHED
FTOL_REACHED,FTOL_REACHED,FTOL_REACHED
FTOL_REACHED,FTOL_REACHED,FTOL_REACHED
FTOL_REACHED,FTOL_REACHED,FTOL_REACHED
FTOL_REACHED,FTOL_REACHED,FTOL_REACHED
FTOL_REACHED,FTOL_REACHED,FTOL_REACHED
FTOL_REACHED,FTOL_REACHED,FTOL_REACHED
FTOL_REACHED,FTOL_REACHED,FTOL_REACHED
FTOL_REACHED,FTOL_REACHED,FTOL_REACHED
FTOL_REACHED,FTOL_REACHED,FTOL_REACHED
FTOL_REACHED,FTOL_REACHED,FTOL_REACHED
FTOL_REACHED,FTOL_REACHED,FTOL_REACHED
FTOL_REACHED,FTOL_REACHED,FTOL_REACHED
FTOL_REACHED,FTOL_REACHED,FTOL_REACHED
FTOL_REACHED,FTOL_REACHED,FTOL_REACHED
FTOL_REACHED,FTOL_REACHED,FTOL_REACHED
FTOL_REACHED,FTOL_REACHED,FTOL_REACHED
FTOL_REACHED,FTOL_REACHED,FTOL_REACHED
FTOL_REACHED,FTOL_REACHED,FTOL_REACHED
FTOL_REACHED,FTOL_REACHED,FTOL_REACHED
FTOL_REACHED,FTOL_REACHED,FTOL_REACHED
FTOL_REACHED,FTOL_REACHED,FTOL_REACHED
FTOL_REACHED,FTOL_REACHED,FTOL_REACHED
FTOL_REACHED,FTOL_REACHED,FTOL_REACHED
FTOL_REACHED,FTOL_REACHED,FTOL_REACHED
FTOL_REACHED,FTOL_REACHED,FTOL_REACHED
FTOL_REACHED,FTOL_REACHED,FTOL_REACHED
FTOL_REACHED,FTOL_REACHED,FTOL_REACHED
FTOL_REACHED,FTOL_REACHED,FTOL_REACHED
FTOL_REACHED,FTOL_REACHED,FTOL_REACHED
FTOL_REACHED,FTOL_REACHED,FTOL_REACHED
FTOL_REACHED,FTOL_REACHED,FTOL_REACHED
FTOL_REACHED,FTOL_REACHED,FTOL_REACHED
FTOL_REACHED,FTOL_REACHED,FTOL_REACHED
FTOL_REACHED,FTOL_REACHED,FTOL_REACHED
FTOL_REACHED,FTOL_REACHED,FTOL_REACHED
FTOL_REACHED,FTOL_REACHED,FTOL_REACHED
FTOL_REACHED,FTOL_REACHED,FTOL_REACHED
FTOL_REACHED,FTOL_REACHED,FTOL_REACHED
FTOL_REACHED,FTOL_REACHED,FTOL_REACHED
FTOL_REACHED,FTOL_REACHED,FTOL_REACHED
FTOL_REACHED,FTOL_REACHED,FTOL_REACHED
FTOL_REACHED,FTOL_REACHED,FTOL_REACHED
FTOL_REACHED,FTOL_REACHED,FTOL_REACHED
FTOL_REACHED,FTOL_REACHED,FTOL_REACHED
FTOL_REACHED,FTOL_REACHED,FTOL_REACHED
FTOL_REACHED,FTOL_REACHED,FTOL_REACHED
FTOL_REACHED,FTOL_REACHED,FTOL_REACHED
FTOL_REACHED,FTOL_REACHED,FTOL_REACHED
FTOL_REACHED,FTOL_REACHED,FTOL_REACHED
FTOL_REACHED,FTOL_REACHED,FTOL_REACHED
FTOL_REACHED,FTOL_REACHED,FTOL_REACHED
FTOL_REACHED,FTOL_REACHED,FTOL_REACHED
FTOL_REACHED,FTOL_REACHED,FTOL_REACHED
FTOL_REACHED,FTOL_REACHED,FTOL_REACHED
FTOL_REACHED,FTOL_REACHED,FTOL_REACHED
FTOL_REACHED,FTOL_REACHED,FTOL_REACHED
FTOL_REACHED,FTOL_REACHED,FTOL_REACHED
FTOL_REACHED,FTOL_REACHED,FTOL_REACHED
FTOL_REACHED,FTOL_REACHED,FTOL_REACHED
FTOL_REACHED,FTOL_REACHED,FTOL_REACHED
FTOL_REACHED,FTOL_REACHED,FTOL_REACHED
FTOL_REACHED,FTOL_REACHED,FTOL_REACHED
FTOL_REACHED,FTOL_REACHED,FTOL_REACHED
FTOL_REACHED,FTOL_REACHED,FTOL_REACHED
FTOL_REACHED,FTOL_REACHED,FTOL_REACHED
FTOL_REACHED,FTOL_REACHED,FTOL_REACHED
FTOL_REACHED,FTOL_REACHED,FTOL_REACHED
FTOL_REACHED,FTOL_REACHED,FTOL_REACHED
FTOL_REACHED,FTOL_REACHED,FTOL_REACHED
FTOL_REACHED,FTOL_REACHED,FTOL_REACHED
FTOL_REACHED,FTOL_REACHED,FTOL_REACHED
FTOL_REACHED,FTOL_REACHED,FTOL_REACHED
FTOL_REACHED,FTOL_REACHED,FTOL_REACHED
FTOL_REACHED,FTOL_REACHED,FTOL_REACHED
FTOL_REACHED,FTOL_REACHED,FTOL_REACHED
FTOL_REACHED,FTOL_REACHED,FTOL_REACHED
FTOL_REACHED,FTOL_REACHED,FTOL_REACHED
FTOL_REACHED,FTOL_REACHED,FTOL_REACHED
FTOL_REACHED,FTOL_REACHED,FTOL_REACHED
FTOL_REACHED,FTOL_REACHED,FTOL_REACHED
FTOL_REACHED,FTOL_REACHED,FTOL_REACHED
FTOL_REACHED,FTOL_REACHED,FTOL_REACHED
FTOL_REACHED,FTOL_REACHED,FTOL_REACHED
FTOL_REACHED,FTOL_REACHED,FTOL_REACHED
FTOL_REACHED,FTOL_REACHED,FTOL_REACHED
FTOL_REACHED,FTOL_REACHED,FTOL_REACHED
FTOL_REACHED,FTOL_REACHED,FTOL_REACHED
FTOL_REACHED,FTOL_REACHED,FTOL_REACHED
FTOL_REACHED,FTOL_REACHED,FTOL_REACHED
FTOL_REACHED,FTOL_REACHED,FTOL_REACHED
FTOL_REACHED,FTOL_REACHED,FTOL_REACHED
FTOL_REACHED,FTOL_REACHED,FTOL_REACHED
FTOL_REACHED,FTOL_REACHED,FTOL_REACHED
FTOL_REACHED,FTOL_REACHED,FTOL_REACHED
FTOL_REACHED,FTOL_REACHED,FTOL_REACHED
FTOL_REACHED,FTOL_REACHED,FTOL_REACHED
FTOL_REACHED,FTOL_REACHED,FTOL_REACHED
FTOL_REACHED,FTOL_REACHED,FTOL_REACHED
FTOL_REACHED,FTOL_REACHED,FTOL_REACHED
FTOL_REACHED,FTOL_REACHED,FTOL_REACHED
FTOL_REACHED,FTOL_REACHED,FTOL_REACHED
FTOL_REACHED,FTOL_REACHED,FTOL_REACHED
FTOL_REACHED,FTOL_REACHED,FTOL_REACHED
FTOL_REACHED,FTOL_REACHED,FTOL_REACHED
FTOL_REACHED,FTOL_REACHED,FTOL_REACHED
FTOL_REACHED,FTOL_REACHED,FTOL_REACHED
FTOL_REACHED,FTOL_REACHED,FTOL_REACHED
FTOL_REACHED,FTOL_REACHED,FTOL_REACHED
FTOL_REACHED,FTOL_REACHED,FTOL_REACHED
FTOL_REACHED,FTOL_REACHED,FTOL_REACHED
FTOL_REACHED,FTOL_REACHED,FTOL_REACHED
FTOL_REACHED,FTOL_REACHED,FTOL_REACHED
FTOL_REACHED,FTOL_REACHED,FTOL_REACHED
FTOL_REACHED,FTOL_REACHED,FTOL_REACHED
FTOL_REACHED,FTOL_REACHED,FTOL_REACHED
FTOL_REACHED,FTOL_REACHED,FTOL_REACHED
FTOL_REACHED,FTOL_REACHED,FTOL_REACHED
FTOL_REACHED,FTOL_REACHED,FTOL_REACHED
FTOL_REACHED,FTOL_REACHED,FTOL_REACHED
FTOL_REACHED,FTOL_REACHED,FTOL_REACHED
FTOL_REACHED,FTOL_REACHED,FTOL_REACHED
FTOL_REACHED,FTOL_REACHED,FTOL_REACHED
FTOL_REACHED,FTOL_REACHED,FTOL_REACHED
FTOL_REACHED,FTOL_REACHED,FTOL_REACHED
FTOL_REACHED,FTOL_REACHED,FTOL_REACHED
FTOL_REACHED,FTOL_REACHED,FTOL_REACHED
FTOL_REACHED,FTOL_REACHED,FTOL_REACHED
FTOL_REACHED,FTOL_REACHED,FTOL_REACHED
FTOL_REACHED,FTOL_REACHED,FTOL_REACHED
FTOL_REACHED,FTOL_REACHED,FTOL_REACHED
FTOL_REACHED,FTOL_REACHED,FTOL_REACHED
FTOL_REACHED,FTOL_REACHED,FTOL_REACHED
FTOL_REACHED,FTOL_REACHED,FTOL_REACHED
FTOL_REACHED,FTOL_REACHED,FTOL_REACHED
FTOL_REACHED,FTOL_REACHED,FTOL_REACHED
FTOL_REACHED,FTOL_REACHED,FTOL_REACHED
FTOL_REACHED,FTOL_REACHED,FTOL_REACHED
FTOL_REACHED,FTOL_REACHED,FTOL_REACHED
FTOL_REACHED,FTOL_REACHED,FTOL_REACHED
FTOL_REACHED,FTOL_REACHED,FTOL_REACHED
FTOL_REACHED,FTOL_REACHED,FTOL_REACHED
FTOL_REACHED,FTOL_REACHED,FTOL_REACHED
FTOL_REACHED,FTOL_REACHED,FTOL_REACHED
FTOL_REACHED,FTOL_REACHED,FTOL_REACHED
FTOL_REACHED,FTOL_REACHED,FTOL_REACHED
FTOL_REACHED,FTOL_REACHED,FTOL_REACHED
FTOL_REACHED,FTOL_REACHED,FTOL_REACHED
FTOL_REACHED,FTOL_REACHED,FTOL_REACHED
FTOL_REACHED,FTOL_REACHED,FTOL_REACHED
FTOL_REACHED,FTOL_REACHED,FTOL_REACHED
FTOL_REACHED,FTOL_REACHED,FTOL_REACHED
FTOL_REACHED,FTOL_REACHED,FTOL_REACHED
FTOL_REACHED,FTOL_REACHED,FTOL_REACHED
FTOL_REACHED,FTOL_REACHED,FTOL_REACHED
FTOL_REACHED,FTOL_REACHED,FTOL_REACHED
FTOL_REACHED,FTOL_REACHED,FTOL_REACHED
FTOL_REACHED,FTOL_REACHED,FTOL_REACHED
FTOL_REACHED,FTOL_REACHED,FTOL_REACHED
FTOL_REACHED,FTOL_REACHED,FTOL_REACHED
FTOL_REACHED,FTOL_REACHED,FTOL_REACHED
FTOL_REACHED,FTOL_REACHED,FTOL_REACHED
FTOL_REACHED,FTOL_REACHED,FTOL_REACHED
FTOL_REACHED,FTOL_REACHED,FTOL_REACHED
FTOL_REACHED,FTOL_REACHED,FTOL_REACHED
FTOL_REACHED,FTOL_REACHED,FTOL_REACHED
FTOL_REACHED,FTOL_REACHED,FTOL_REACHED
FTOL_REACHED,FTOL_REACHED,FTOL_REACHED
FTOL_REACHED,FTOL_REACHED,FTOL_REACHED
FTOL_REACHED,FTOL_REACHED,FTOL_REACHED
FTOL_REACHED,FTOL_REACHED,FTOL_REACHED
FTOL_REACHED,FTOL_REACHED,FTOL_REACHED
FTOL_REACHED,FTOL_REACHED,FTOL_REACHED
FTOL_REACHED,FTOL_REACHED,FTOL_REACHED
FTOL_REACHED,FTOL_REACHED,FTOL_REACHED
FTOL_REACHED,FTOL_REACHED,FTOL_REACHED
FTOL_REACHED,FTOL_REACHED,FTOL_REACHED
FTOL_REACHED,FTOL_REACHED,FTOL_REACHED
FTOL_REACHED,FTOL_REACHED,FTOL_REACHED
FTOL_REACHED,FTOL_REACHED,FTOL_REACHED
FTOL_REACHED,FTOL_REACHED,FTOL_REACHED
FTOL_REACHED,FTOL_REACHED,FTOL_REACHED
FTOL_REACHED,FTOL_REACHED,FTOL_REACHED
FTOL_REACHED,FTOL_REACHED,FTOL_REACHED
FTOL_REACHED,FTOL_REACHED,FTOL_REACHED
FTOL_REACHED,FTOL_REACHED,FTOL_REACHED
FTOL_REACHED,FTOL_REACHED,FTOL_REACHED
FTOL_REACHED,FTOL_REACHED,FTOL_REACHED
FTOL_REACHED,FTOL_REACHED,FTOL_REACHED
FTOL_REACHED,FTOL_REACHED,FTOL_REACHED
FTOL_REACHED,FTOL_REACHED,FTOL_REACHED
FTOL_REACHED,FTOL_REACHED,FTOL_REACHED
FTOL_REACHED,FTOL_REACHED,FTOL_REACHED
FTOL_REACHED,FTOL_REACHED,FTOL_REACHED
FTOL_REACHED,FTOL_REACHED,FTOL_REACHED
FTOL_REACHED,FTOL_REACHED,FTOL_REACHED
FTOL_REACHED,FTOL_REACHED,FTOL_REACHED
FTOL_REACHED,FTOL_REACHED,FTOL_REACHED
FTOL_REACHED,FTOL_REACHED,FTOL_REACHED
FTOL_REACHED,FTOL_REACHED,FTOL_REACHED
FTOL_REACHED,FTOL_REACHED,FTOL_REACHED
FTOL_REACHED,FTOL_REACHED,FTOL_REACHED
FTOL_REACHED,FTOL_REACHED,FTOL_REACHED
FTOL_REACHED,FTOL_REACHED,FTOL_REACHED
FTOL_REACHED,FTOL_REACHED,FTOL_REACHED
FTOL_REACHED,FTOL_REACHED,FTOL_REACHED
FTOL_REACHED,FTOL_REACHED,FTOL_REACHED
FTOL_REACHED,FTOL_REACHED,FTOL_REACHED
FTOL_REACHED,FTOL_REACHED,FTOL_REACHED
FTOL_REACHED,FTOL_REACHED,FTOL_REACHED
FTOL_REACHED,FTOL_REACHED,FTOL_REACHED
FTOL_REACHED,FTOL_REACHED,FTOL_REACHED
FTOL_REACHED,FTOL_REACHED,FTOL_REACHED
FTOL_REACHED,FTOL_REACHED,FTOL_REACHED
FTOL_REACHED,FTOL_REACHED,FTOL_REACHED
FTOL_REACHED,FTOL_REACHED,FTOL_REACHED
FTOL_REACHED,FTOL_REACHED,FTOL_REACHED
FTOL_REACHED,FTOL_REACHED,FTOL_REACHED
FTOL_REACHED,FTOL_REACHED,FTOL_REACHED
FTOL_REACHED,FTOL_REACHED,FTOL_REACHED
FTOL_REACHED,FTOL_REACHED,FTOL_REACHED
FTOL_REACHED,FTOL_REACHED,FTOL_REACHED
FTOL_REACHED,FTOL_REACHED,FTOL_REACHED
FTOL_REACHED,FTOL_REACHED,FTOL_REACHED
FTOL_REACHED,FTOL_REACHED,FTOL_REACHED
FTOL_REACHED,FTOL_REACHED,FTOL_REACHED
FTOL_REACHED,FTOL_REACHED,FTOL_REACHED
FTOL_REACHED,FTOL_REACHED,FTOL_REACHED
FTOL_REACHED,FTOL_REACHED,FTOL_REACHED
FTOL_REACHED,FTOL_REACHED,FTOL_REACHED
FTOL_REACHED,FTOL_REACHED,FTOL_REACHED
FTOL_REACHED,FTOL_REACHED,FTOL_REACHED
FTOL_REACHED,FTOL_REACHED,FTOL_REACHED
FTOL_REACHED,FTOL_REACHED,FTOL_REACHED
FTOL_REACHED,FTOL_REACHED,FTOL_REACHED
FTOL_REACHED,FTOL_REACHED,FTOL_REACHED
FTOL_REACHED,FTOL_REACHED,FTOL_REACHED
FTOL_REACHED,FTOL_REACHED,FTOL_REACHED
FTOL_REACHED,FTOL_REACHED,FTOL_REACHED
FTOL_REACHED,FTOL_REACHED,FTOL_REACHED
FTOL_REACHED,FTOL_REACHED,FTOL_REACHED
FTOL_REACHED,FTOL_REACHED,FTOL_REACHED
FTOL_REACHED,FTOL_REACHED,FTOL_REACHED
FTOL_REACHED,FTOL_REACHED,FTOL_REACHED
FTOL_REACHED,FTOL_REACHED,FTOL_REACHED
FTOL_REACHED,FTOL_REACHED,FTOL_REACHED
FTOL_REACHED,FTOL_REACHED,FTOL_REACHED
FTOL_REACHED,FTOL_REACHED,FTOL_REACHED
FTOL_REACHED,FTOL_REACHED,FTOL_REACHED
FTOL_REACHED,FTOL_REACHED,FTOL_REACHED
FTOL_REACHED,FTOL_REACHED,FTOL_REACHED
FTOL_REACHED,FTOL_REACHED,FTOL_REACHED
FTOL_REACHED,FTOL_REACHED,FTOL_REACHED
FTOL_REACHED,FTOL_REACHED,FTOL_REACHED
FTOL_REACHED,FTOL_REACHED,FTOL_REACHED
FTOL_REACHED,FTOL_REACHED,FTOL_REACHED
FTOL_REACHED,FTOL_REACHED,FTOL_REACHED
FTOL_REACHED,FTOL_REACHED,FTOL_REACHED
FTOL_REACHED,FTOL_REACHED,FTOL_REACHED
FTOL_REACHED,FTOL_REACHED,FTOL_REACHED
FTOL_REACHED,FTOL_REACHED,FTOL_REACHED
FTOL_REACHED,FTOL_REACHED,FTOL_REACHED
FTOL_REACHED,FTOL_REACHED,FTOL_REACHED
FTOL_REACHED,FTOL_REACHED,FTOL_REACHED
FTOL_REACHED,FTOL_REACHED,FTOL_REACHED
FTOL_REACHED,FTOL_REACHED,FTOL_REACHED
FTOL_REACHED,FTOL_REACHED,FTOL_REACHED
FTOL_REACHED,FTOL_REACHED,FTOL_REACHED
FTOL_REACHED,FTOL_REACHED,FTOL_REACHED
FTOL_REACHED,FTOL_REACHED,FTOL_REACHED
FTOL_REACHED,FTOL_REACHED,FTOL_REACHED
FTOL_REACHED,FTOL_REACHED,FTOL_REACHED
FTOL_REACHED,FTOL_REACHED,FTOL_REACHED
FTOL_REACHED,FTOL_REACHED,FTOL_REACHED
FTOL_REACHED,FTOL_REACHED,FTOL_REACHED
FTOL_REACHED,FTOL_REACHED,FTOL_REACHED
FTOL_REACHED,FTOL_REACHED,FTOL_REACHED
FTOL_REACHED,FTOL_REACHED,FTOL_REACHED
FTOL_REACHED,FTOL_REACHED,FTOL_REACHED
FTOL_REACHED,FTOL_REACHED,FTOL_REACHED
FTOL_REACHED,FTOL_REACHED,FTOL_REACHED
FTOL_REACHED,FTOL_REACHED,FTOL_REACHED
FTOL_REACHED,FTOL_REACHED,FTOL_REACHED
FTOL_REACHED,FTOL_REACHED,FTOL_REACHED
FTOL_REACHED,FTOL_REACHED,FTOL_REACHED
FTOL_REACHED,FTOL_REACHED,FTOL_REACHED
FTOL_REACHED,FTOL_REACHED,FTOL_REACHED
FTOL_REACHED,FTOL_REACHED,FTOL_REACHED
FTOL_REACHED,FTOL_REACHED,FTOL_REACHED
FTOL_REACHED,FTOL_REACHED,FTOL_REACHED
FTOL_REACHED,FTOL_REACHED,FTOL_REACHED
FTOL_REACHED,FTOL_REACHED,FTOL_REACHED
FTOL_REACHED,FTOL_REACHED,FTOL_REACHED
FTOL_REACHED,FTOL_REACHED,FTOL_REACHED
FTOL_REACHED,FTOL_REACHED,FTOL_REACHED
FTOL_REACHED,FTOL_REACHED,FTOL_REACHED
FTOL_REACHED,FTOL_REACHED,FTOL_REACHED
FTOL_REACHED,FTOL_REACHED,FTOL_REACHED
FTOL_REACHED,FTOL_REACHED,FTOL_REACHED
FTOL_REACHED,FTOL_REACHED,FTOL_REACHED
FTOL_REACHED,FTOL_REACHED,FTOL_REACHED
FTOL_REACHED,FTOL_REACHED,FTOL_REACHED
FTOL_REACHED,FTOL_REACHED,FTOL_REACHED
FTOL_REACHED,FTOL_REACHED,FTOL_REACHED
FTOL_REACHED,FTOL_REACHED,FTOL_REACHED
FTOL_REACHED,FTOL_REACHED,FTOL_REACHED
FTOL_REACHED,FTOL_REACHED,FTOL_REACHED
FTOL_REACHED,FTOL_REACHED,FTOL_REACHED
FTOL_REACHED,FTOL_REACHED,FTOL_REACHED
FTOL_REACHED,FTOL_REACHED,FTOL_REACHED
FTOL_REACHED,FTOL_REACHED,FTOL_REACHED
FTOL_REACHED,FTOL_REACHED,FTOL_REACHED
FTOL_REACHED,FTOL_REACHED,FTOL_REACHED
FTOL_REACHED,FTOL_REACHED,FTOL_REACHED
FTOL_REACHED,FTOL_REACHED,FTOL_REACHED
FTOL_REACHED,FTOL_REACHED,FTOL_REACHED
FTOL_REACHED,FTOL_REACHED,FTOL_REACHED
FTOL_REACHED,FTOL_REACHED,FTOL_REACHED
FTOL_REACHED,FTOL_REACHED,FTOL_REACHED
FTOL_REACHED,FTOL_REACHED,FTOL_REACHED
FTOL_REACHED,FTOL_REACHED,FTOL_REACHED
FTOL_REACHED,FTOL_REACHED,FTOL_REACHED
FTOL_REACHED,FTOL_REACHED,FTOL_REACHED
FTOL_REACHED,FTOL_REACHED,FTOL_REACHED
FTOL_REACHED,FTOL_REACHED,FTOL_REACHED
FTOL_REACHED,FTOL_REACHED,FTOL_REACHED
FTOL_REACHED,FTOL_REACHED,FTOL_REACHED
FTOL_REACHED,FTOL_REACHED,FTOL_REACHED
FTOL_REACHED,FTOL_REACHED,FTOL_REACHED
FTOL_REACHED,FTOL_REACHED,FTOL_REACHED
FTOL_REACHED,FTOL_REACHED,FTOL_REACHED
FTOL_REACHED,FTOL_REACHED,FTOL_REACHED
FTOL_REACHED,FTOL_REACHED,FTOL_REACHED
FTOL_REACHED,FTOL_REACHED,FTOL_REACHED
FTOL_REACHED,FTOL_REACHED,FTOL_REACHED
FTOL_REACHED,FTOL_REACHED,FTOL_REACHED
FTOL_REACHED,FTOL_REACHED,FTOL_REACHED
FTOL_REACHED,FTOL_REACHED,FTOL_REACHED
FTOL_REACHED,FTOL_REACHED,FTOL_REACHED
FTOL_REACHED,FTOL_REACHED,FTOL_REACHED
FTOL_REACHED,FTOL_REACHED,FTOL_REACHED
FTOL_REACHED,FTOL_REACHED,FTOL_REACHED
FTOL_REACHED,FTOL_REACHED,FTOL_REACHED
FTOL_REACHED,FTOL_REACHED,FTOL_REACHED
FTOL_REACHED,FTOL_REACHED,FTOL_REACHED
FTOL_REACHED,FTOL_REACHED,FTOL_REACHED
FTOL_REACHED,FTOL_REACHED,FTOL_REACHED
FTOL_REACHED,FTOL_REACHED,FTOL_REACHED
FTOL_REACHED,FTOL_REACHED,FTOL_REACHED
FTOL_REACHED,FTOL_REACHED,FTOL_REACHED
FTOL_REACHED,FTOL_REACHED,FTOL_REACHED
FTOL_REACHED,FTOL_REACHED,FTOL_REACHED
FTOL_REACHED,FTOL_REACHED,FTOL_REACHED
FTOL_REACHED,FTOL_REACHED,FTOL_REACHED
FTOL_REACHED,FTOL_REACHED,FTOL_REACHED
FTOL_REACHED,FTOL_REACHED,FTOL_REACHED
FTOL_REACHED,FTOL_REACHED,FTOL_REACHED
FTOL_REACHED,FTOL_REACHED,FTOL_REACHED
FTOL_REACHED,FTOL_REACHED,FTOL_REACHED
FTOL_REACHED,FTOL_REACHED,FTOL_REACHED
FTOL_REACHED,FTOL_REACHED,FTOL_REACHED
FTOL_REACHED,FTOL_REACHED,FTOL_REACHED
FTOL_REACHED,FTOL_REACHED,FTOL_REACHED
FTOL_REACHED,FTOL_REACHED,FTOL_REACHED
FTOL_REACHED,FTOL_REACHED,FTOL_REACHED
FTOL_REACHED,FTOL_REACHED,FTOL_REACHED
FTOL_REACHED,FTOL_REACHED,FTOL_REACHED
FTOL_REACHED,FTOL_REACHED,FTOL_REACHED
FTOL_REACHED,FTOL_REACHED,FTOL_REACHED
FTOL_REACHED,FTOL_REACHED,FTOL_REACHED
FTOL_REACHED,FTOL_REACHED,FTOL_REACHED
FTOL_REACHED,FTOL_REACHED,FTOL_REACHED
FTOL_REACHED,FTOL_REACHED,FTOL_REACHED
FTOL_REACHED,FTOL_REACHED,FTOL_REACHED
FTOL_REACHED,FTOL_REACHED,FTOL_REACHED
FTOL_REACHED,FTOL_REACHED,FTOL_REACHED
FTOL_REACHED,FTOL_REACHED,FTOL_REACHED
FTOL_REACHED,FTOL_REACHED,FTOL_REACHED
FTOL_REACHED,FTOL_REACHED,FTOL_REACHED
FTOL_REACHED,FTOL_REACHED,FTOL_REACHED
FTOL_REACHED,FTOL_REACHED,FTOL_REACHED
FTOL_REACHED,FTOL_REACHED,FTOL_REACHED
FTOL_REACHED,FTOL_REACHED,FTOL_REACHED
FTOL_REACHED,FTOL_REACHED,FTOL_REACHED
FTOL_REACHED,FTOL_REACHED,FTOL_REACHED
FTOL_REACHED,FTOL_REACHED,FTOL_REACHED
FTOL_REACHED,FTOL_REACHED,FTOL_REACHED
FTOL_REACHED,FTOL_REACHED,FTOL_REACHED
FTOL_REACHED,FTOL_REACHED,FTOL_REACHED
FTOL_REACHED,FTOL_REACHED,FTOL_REACHED
FTOL_REACHED,FTOL_REACHED,FTOL_REACHED
FTOL_REACHED,FTOL_REACHED,FTOL_REACHED
FTOL_REACHED,FTOL_REACHED,FTOL_REACHED
FTOL_REACHED,FTOL_REACHED,FTOL_REACHED
FTOL_REACHED,FTOL_REACHED,FTOL_REACHED
FTOL_REACHED,FTOL_REACHED,FTOL_REACHED
FTOL_REACHED,FTOL_REACHED,FTOL_REACHED
FTOL_REACHED,FTOL_REACHED,FTOL_REACHED
FTOL_REACHED,FTOL_REACHED,FTOL_REACHED
FTOL_REACHED,FTOL_REACHED,FTOL_REACHED
FTOL_REACHED,FTOL_REACHED,FTOL_REACHED
FTOL_REACHED,FTOL_REACHED,FTOL_REACHED
FTOL_REACHED,FTOL_REACHED,FTOL_REACHED
FTOL_REACHED,FTOL_REACHED,FTOL_REACHED
FTOL_REACHED,FTOL_REACHED,FTOL_REACHED
FTOL_REACHED,FTOL_REACHED,FTOL_REACHED
FTOL_REACHED,FTOL_REACHED,FTOL_REACHED
FTOL_REACHED,FTOL_REACHED,FTOL_REACHED
FTOL_REACHED,FTOL_REACHED,FTOL_REACHED
FTOL_REACHED,FTOL_REACHED,FTOL_REACHED
FTOL_REACHED,FTOL_REACHED,FTOL_REACHED
FTOL_REACHED,FTOL_REACHED,FTOL_REACHED
FTOL_REACHED,FTOL_REACHED,FTOL_REACHED
FTOL_REACHED,FTOL_REACHED,FTOL_REACHED
FTOL_REACHED,FTOL_REACHED,FTOL_REACHED
FTOL_REACHED,FTOL_REACHED,FTOL_REACHED
FTOL_REACHED,FTOL_REACHED,FTOL_REACHED
FTOL_REACHED,FTOL_REACHED,FTOL_REACHED
FTOL_REACHED,FTOL_REACHED,FTOL_REACHED
FTOL_REACHED,FTOL_REACHED,FTOL_REACHED
FTOL_REACHED,FTOL_REACHED,FTOL_REACHED
FTOL_REACHED,FTOL_REACHED,FTOL_REACHED
FTOL_REACHED,FTOL_REACHED,FTOL_REACHED
FTOL_REACHED,FTOL_REACHED,FTOL_REACHED
FTOL_REACHED,FTOL_REACHED,FTOL_REACHED
FTOL_REACHED,FTOL_REACHED,FTOL_REACHED
FTOL_REACHED,FTOL_REACHED,FTOL_REACHED
FTOL_REACHED,FTOL_REACHED,FTOL_REACHED
FTOL_REACHED,FTOL_REACHED,FTOL_REACHED
FTOL_REACHED,FTOL_REACHED,FTOL_REACHED
FTOL_REACHED,FTOL_REACHED,FTOL_REACHED
FTOL_REACHED,FTOL_REACHED,FTOL_REACHED
FTOL_REACHED,FTOL_REACHED,FTOL_REACHED
FTOL_REACHED,FTOL_REACHED,FTOL_REACHED
FTOL_REACHED,FTOL_REACHED,FTOL_REACHED
FTOL_REACHED,FTOL_REACHED,FTOL_REACHED
FTOL_REACHED,FTOL_REACHED,FTOL_REACHED
FTOL_REACHED,FTOL_REACHED,FTOL_REACHED
FTOL_REACHED,FTOL_REACHED,FTOL_REACHED
FTOL_REACHED,FTOL_REACHED,FTOL_REACHED
FTOL_REACHED,FTOL_REACHED,FTOL_REACHED
FTOL_REACHED,FTOL_REACHED,FTOL_REACHED
FTOL_REACHED,FTOL_REACHED,FTOL_REACHED
FTOL_REACHED,FTOL_REACHED,FTOL_REACHED
FTOL_REACHED,FTOL_REACHED,FTOL_REACHED
FTOL_REACHED,FTOL_REACHED,FTOL_REACHED
FTOL_REACHED,FTOL_REACHED,FTOL_REACHED
FTOL_REACHED,FTOL_REACHED,FTOL_REACHED
FTOL_REACHED,FTOL_REACHED,FTOL_REACHED
FTOL_REACHED,FTOL_REACHED,FTOL_REACHED
FTOL_REACHED,FTOL_REACHED,FTOL_REACHED
FTOL_REACHED,FTOL_REACHED,FTOL_REACHED
FTOL_REACHED,FTOL_REACHED,FTOL_REACHED
FTOL_REACHED,FTOL_REACHED,FTOL_REACHED
FTOL_REACHED,FTOL_REACHED,FTOL_REACHED
FTOL_REACHED,FTOL_REACHED,FTOL_REACHED
FTOL_REACHED,FTOL_REACHED,FTOL_REACHED
FTOL_REACHED,FTOL_REACHED,FTOL_REACHED
FTOL_REACHED,FTOL_REACHED,FTOL_REACHED
FTOL_REACHED,FTOL_REACHED,FTOL_REACHED
FTOL_REACHED,FTOL_REACHED,FTOL_REACHED
FTOL_REACHED,FTOL_REACHED,FTOL_REACHED
FTOL_REACHED,FTOL_REACHED,FTOL_REACHED
FTOL_REACHED,FTOL_REACHED,FTOL_REACHED
FTOL_REACHED,FTOL_REACHED,FTOL_REACHED
FTOL_REACHED,FTOL_REACHED,FTOL_REACHED
FTOL_REACHED,FTOL_REACHED,FTOL_REACHED
FTOL_REACHED,FTOL_REACHED,FTOL_REACHED
FTOL_REACHED,FTOL_REACHED,FTOL_REACHED
FTOL_REACHED,FTOL_REACHED,FTOL_REACHED
FTOL_REACHED,FTOL_REACHED,FTOL_REACHED
FTOL_REACHED,FTOL_REACHED,FTOL_REACHED
FTOL_REACHED,FTOL_REACHED,FTOL_REACHED
FTOL_REACHED,FTOL_REACHED,FTOL_REACHED
FTOL_REACHED,FTOL_REACHED,FTOL_REACHED
FTOL_REACHED,FTOL_REACHED,FTOL_REACHED
FTOL_REACHED,FTOL_REACHED,FTOL_REACHED
FTOL_REACHED,FTOL_REACHED,FTOL_REACHED
FTOL_REACHED,FTOL_REACHED,FTOL_REACHED
FTOL_REACHED,FTOL_REACHED,FTOL_REACHED
FTOL_REACHED,FTOL_REACHED,FTOL_REACHED
FTOL_REACHED,FTOL_REACHED,FTOL_REACHED
FTOL_REACHED,FTOL_REACHED,FTOL_REACHED
FTOL_REACHED,FTOL_REACHED,FTOL_REACHED
FTOL_REACHED,FTOL_REACHED,FTOL_REACHED
FTOL_REACHED,FTOL_REACHED,FTOL_REACHED
FTOL_REACHED,FTOL_REACHED,FTOL_REACHED
FTOL_REACHED,FTOL_REACHED,FTOL_REACHED
FTOL_REACHED,FTOL_REACHED,FTOL_REACHED
FTOL_REACHED,FTOL_REACHED,FTOL_REACHED
FTOL_REACHED,FTOL_REACHED,FTOL_REACHED
FTOL_REACHED,FTOL_REACHED,FTOL_REACHED
FTOL_REACHED,FTOL_REACHED,FTOL_REACHED
FTOL_REACHED,FTOL_REACHED,FTOL_REACHED
FTOL_REACHED,FTOL_REACHED,FTOL_REACHED
FTOL_REACHED,FTOL_REACHED,FTOL_REACHED
FTOL_REACHED,FTOL_REACHED,FTOL_REACHED
FTOL_REACHED,FTOL_REACHED,FTOL_REACHED
FTOL_REACHED,FTOL_REACHED,FTOL_REACHED
FTOL_REACHED,FTOL_REACHED,FTOL_REACHED
FTOL_REACHED,FTOL_REACHED,FTOL_REACHED
FTOL_REACHED,FTOL_REACHED,FTOL_REACHED
FTOL_REACHED,FTOL_REACHED,FTOL_REACHED
FTOL_REACHED,FTOL_REACHED,FTOL_REACHED
FTOL_REACHED,FTOL_REACHED,FTOL_REACHED
FTOL_REACHED,FTOL_REACHED,FTOL_REACHED
FTOL_REACHED,FTOL_REACHED,FTOL_REACHED
FTOL_REACHED,FTOL_REACHED,FTOL_REACHED
FTOL_REACHED,FTOL_REACHED,FTOL_REACHED
FTOL_REACHED,FTOL_REACHED,FTOL_REACHED
FTOL_REACHED,FTOL_REACHED,FTOL_REACHED
FTOL_REACHED,FTOL_REACHED,FTOL_REACHED
FTOL_REACHED,FTOL_REACHED,FTOL_REACHED
FTOL_REACHED,FTOL_REACHED,FTOL_REACHED
FTOL_REACHED,FTOL_REACHED,FTOL_REACHED
FTOL_REACHED,FTOL_REACHED,FTOL_REACHED
FTOL_REACHED,FTOL_REACHED,FTOL_REACHED
FTOL_REACHED,FTOL_REACHED,FTOL_REACHED
FTOL_REACHED,FTOL_REACHED,FTOL_REACHED
FTOL_REACHED,FTOL_REACHED,FTOL_REACHED
FTOL_REACHED,FTOL_REACHED,FTOL_REACHED
FTOL_REACHED,FTOL_REACHED,FTOL_REACHED
FTOL_REACHED,FTOL_REACHED,FTOL_REACHED
FTOL_REACHED,FTOL_REACHED,FTOL_REACHED
FTOL_REACHED,FTOL_REACHED,FTOL_REACHED
FTOL_REACHED,FTOL_REACHED,FTOL_REACHED
FTOL_REACHED,FTOL_REACHED,FTOL_REACHED
FTOL_REACHED,FTOL_REACHED,FTOL_REACHED
FTOL_REACHED,FTOL_REACHED,FTOL_REACHED
FTOL_REACHED,FTOL_REACHED,FTOL_REACHED
FTOL_REACHED,FTOL_REACHED,FTOL_REACHED
FTOL_REACHED,FTOL_REACHED,FTOL_REACHED
FTOL_REACHED,FTOL_REACHED,FTOL_REACHED
FTOL_REACHED,FTOL_REACHED,FTOL_REACHED
FTOL_REACHED,FTOL_REACHED,FTOL_REACHED
FTOL_REACHED,FTOL_REACHED,FTOL_REACHED
FTOL_REACHED,FTOL_REACHED,FTOL_REACHED
FTOL_REACHED,FTOL_REACHED,FTOL_REACHED
FTOL_REACHED,FTOL_REACHED,FTOL_REACHED
FTOL_REACHED,FTOL_REACHED,FTOL_REACHED
FTOL_REACHED,FTOL_REACHED,FTOL_REACHED
FTOL_REACHED,FTOL_REACHED,FTOL_REACHED
FTOL_REACHED,FTOL_REACHED,FTOL_REACHED
FTOL_REACHED,FTOL_REACHED,FTOL_REACHED
FTOL_REACHED,FTOL_REACHED,FTOL_REACHED
FTOL_REACHED,FTOL_REACHED,FTOL_REACHED
FTOL_REACHED,FTOL_REACHED,FTOL_REACHED
FTOL_REACHED,FTOL_REACHED,FTOL_REACHED
FTOL_REACHED,FTOL_REACHED,FTOL_REACHED
FTOL_REACHED,FTOL_REACHED,FTOL_REACHED
FTOL_REACHED,FTOL_REACHED,FTOL_REACHED
FTOL_REACHED,FTOL_REACHED,FTOL_REACHED
FTOL_REACHED,FTOL_REACHED,FTOL_REACHED
FTOL_REACHED,FTOL_REACHED,FTOL_REACHED
FTOL_REACHED,FTOL_REACHED,FTOL_REACHED
FTOL_REACHED,FTOL_REACHED,FTOL_REACHED
FTOL_REACHED,FTOL_REACHED,FTOL_REACHED
FTOL_REACHED,FTOL_REACHED,FTOL_REACHED
FTOL_REACHED,FTOL_REACHED,FTOL_REACHED
FTOL_REACHED,FTOL_REACHED,FTOL_REACHED
FTOL_REACHED,FTOL_REACHED,FTOL_REACHED
FTOL_REACHED,FTOL_REACHED,FTOL_REACHED
FTOL_REACHED,FTOL_REACHED,FTOL_REACHED
FTOL_REACHED,FTOL_REACHED,FTOL_REACHED
FTOL_REACHED,FTOL_REACHED,FTOL_REACHED
FTOL_REACHED,FTOL_REACHED,FTOL_REACHED
FTOL_REACHED,FTOL_REACHED,FTOL_REACHED
FTOL_REACHED,FTOL_REACHED,FTOL_REACHED
FTOL_REACHED,FTOL_REACHED,FTOL_REACHED
FTOL_REACHED,FTOL_REACHED,FTOL_REACHED
FTOL_REACHED,FTOL_REACHED,FTOL_REACHED
FTOL_REACHED,FTOL_REACHED,FTOL_REACHED
FTOL_REACHED,FTOL_REACHED,FTOL_REACHED
FTOL_REACHED,FTOL_REACHED,FTOL_REACHED
FTOL_REACHED,FTOL_REACHED,FTOL_REACHED
FTOL_REACHED,FTOL_REACHED,FTOL_REACHED
FTOL_REACHED,FTOL_REACHED,FTOL_REACHED
FTOL_REACHED,FTOL_REACHED,FTOL_REACHED
FTOL_REACHED,FTOL_REACHED,FTOL_REACHED
FTOL_REACHED,FTOL_REACHED,FTOL_REACHED
FTOL_REACHED,FTOL_REACHED,FTOL_REACHED
FTOL_REACHED,FTOL_REACHED,FTOL_REACHED
FTOL_REACHED,FTOL_REACHED,FTOL_REACHED
FTOL_REACHED,FTOL_REACHED,FTOL_REACHED
FTOL_REACHED,FTOL_REACHED,FTOL_REACHED
FTOL_REACHED,FTOL_REACHED,FTOL_REACHED
FTOL_REACHED,FTOL_REACHED,FTOL_REACHED
FTOL_REACHED,FTOL_REACHED,FTOL_REACHED
FTOL_REACHED,FTOL_REACHED,FTOL_REACHED
FTOL_REACHED,FTOL_REACHED,FTOL_REACHED
FTOL_REACHED,FTOL_REACHED,FTOL_REACHED
FTOL_REACHED,FTOL_REACHED,FTOL_REACHED
FTOL_REACHED,FTOL_REACHED,FTOL_REACHED
FTOL_REACHED,FTOL_REACHED,FTOL_REACHED
FTOL_REACHED,FTOL_REACHED,FTOL_REACHED
FTOL_REACHED,FTOL_REACHED,FTOL_REACHED
FTOL_REACHED,FTOL_REACHED,FTOL_REACHED
FTOL_REACHED,FTOL_REACHED,FTOL_REACHED
FTOL_REACHED,FTOL_REACHED,FTOL_REACHED
FTOL_REACHED,FTOL_REACHED,FTOL_REACHED
FTOL_REACHED,FTOL_REACHED,FTOL_REACHED
FTOL_REACHED,FTOL_REACHED,FTOL_REACHED
FTOL_REACHED,FTOL_REACHED,FTOL_REACHED
FTOL_REACHED,FTOL_REACHED,FTOL_REACHED
FTOL_REACHED,FTOL_REACHED,FTOL_REACHED
FTOL_REACHED,FTOL_REACHED,FTOL_REACHED
FTOL_REACHED,FTOL_REACHED,FTOL_REACHED
FTOL_REACHED,FTOL_REACHED,FTOL_REACHED
FTOL_REACHED,FTOL_REACHED,FTOL_REACHED
FTOL_REACHED,FTOL_REACHED,FTOL_REACHED
FTOL_REACHED,FTOL_REACHED,FTOL_REACHED
FTOL_REACHED,FTOL_REACHED,FTOL_REACHED
FTOL_REACHED,FTOL_REACHED,FTOL_REACHED
FTOL_REACHED,FTOL_REACHED,FTOL_REACHED
FTOL_REACHED,FTOL_REACHED,FTOL_REACHED
FTOL_REACHED,FTOL_REACHED,FTOL_REACHED
FTOL_REACHED,FTOL_REACHED,FTOL_REACHED
FTOL_REACHED,FTOL_REACHED,FTOL_REACHED
FTOL_REACHED,FTOL_REACHED,FTOL_REACHED
FTOL_REACHED,FTOL_REACHED,FTOL_REACHED
FTOL_REACHED,FTOL_REACHED,FTOL_REACHED
FTOL_REACHED,FTOL_REACHED,FTOL_REACHED
FTOL_REACHED,FTOL_REACHED,FTOL_REACHED
FTOL_REACHED,FTOL_REACHED,FTOL_REACHED
FTOL_REACHED,FTOL_REACHED,FTOL_REACHED
FTOL_REACHED,FTOL_REACHED,FTOL_REACHED
FTOL_REACHED,FTOL_REACHED,FTOL_REACHED
FTOL_REACHED,FTOL_REACHED,FTOL_REACHED
FTOL_REACHED,FTOL_REACHED,FTOL_REACHED
FTOL_REACHED,FTOL_REACHED,FTOL_REACHED
FTOL_REACHED,FTOL_REACHED,FTOL_REACHED
FTOL_REACHED,FTOL_REACHED,FTOL_REACHED
FTOL_REACHED,FTOL_REACHED,FTOL_REACHED
FTOL_REACHED,FTOL_REACHED,FTOL_REACHED
FTOL_REACHED,FTOL_REACHED,FTOL_REACHED
FTOL_REACHED,FTOL_REACHED,FTOL_REACHED
FTOL_REACHED,FTOL_REACHED,FTOL_REACHED
FTOL_REACHED,FTOL_REACHED,FTOL_REACHED
FTOL_REACHED,FTOL_REACHED,FTOL_REACHED
FTOL_REACHED,FTOL_REACHED,FTOL_REACHED
FTOL_REACHED,FTOL_REACHED,FTOL_REACHED
FTOL_REACHED,FTOL_REACHED,FTOL_REACHED
FTOL_REACHED,FTOL_REACHED,FTOL_REACHED
FTOL_REACHED,FTOL_REACHED,FTOL_REACHED
FTOL_REACHED,FTOL_REACHED,FTOL_REACHED
FTOL_REACHED,FTOL_REACHED,FTOL_REACHED
FTOL_REACHED,FTOL_REACHED,FTOL_REACHED
FTOL_REACHED,FTOL_REACHED,FTOL_REACHED
FTOL_REACHED,FTOL_REACHED,FTOL_REACHED
FTOL_REACHED,FTOL_REACHED,FTOL_REACHED
FTOL_REACHED,FTOL_REACHED,FTOL_REACHED
FTOL_REACHED,FTOL_REACHED,FTOL_REACHED
FTOL_REACHED,FTOL_REACHED,FTOL_REACHED
FTOL_REACHED,FTOL_REACHED,FTOL_REACHED
FTOL_REACHED,FTOL_REACHED,FTOL_REACHED
FTOL_REACHED,FTOL_REACHED,FTOL_REACHED
FTOL_REACHED,FTOL_REACHED,FTOL_REACHED
FTOL_REACHED,FTOL_REACHED,FTOL_REACHED
FTOL_REACHED,FTOL_REACHED,FTOL_REACHED
FTOL_REACHED,FTOL_REACHED,FTOL_REACHED
FTOL_REACHED,FTOL_REACHED,FTOL_REACHED
FTOL_REACHED,FTOL_REACHED,FTOL_REACHED
FTOL_REACHED,FTOL_REACHED,FTOL_REACHED
FTOL_REACHED,FTOL_REACHED,FTOL_REACHED
FTOL_REACHED,FTOL_REACHED,FTOL_REACHED
FTOL_REACHED,FTOL_REACHED,FTOL_REACHED
FTOL_REACHED,FTOL_REACHED,FTOL_REACHED
FTOL_REACHED,FTOL_REACHED,FTOL_REACHED
FTOL_REACHED,FTOL_REACHED,FTOL_REACHED
FTOL_REACHED,FTOL_REACHED,FTOL_REACHED
FTOL_REACHED,FTOL_REACHED,FTOL_REACHED
FTOL_REACHED,FTOL_REACHED,FTOL_REACHED
FTOL_REACHED,FTOL_REACHED,FTOL_REACHED
FTOL_REACHED,FTOL_REACHED,FTOL_REACHED
FTOL_REACHED,FTOL_REACHED,FTOL_REACHED
FTOL_REACHED,FTOL_REACHED,FTOL_REACHED
FTOL_REACHED,FTOL_REACHED,FTOL_REACHED
FTOL_REACHED,FTOL_REACHED,FTOL_REACHED
FTOL_REACHED,FTOL_REACHED,FTOL_REACHED
FTOL_REACHED,FTOL_REACHED,FTOL_REACHED
FTOL_REACHED,FTOL_REACHED,FTOL_REACHED
FTOL_REACHED,FTOL_REACHED,FTOL_REACHED
FTOL_REACHED,FTOL_REACHED,FTOL_REACHED
FTOL_REACHED,FTOL_REACHED,FTOL_REACHED
FTOL_REACHED,FTOL_REACHED,FTOL_REACHED
FTOL_REACHED,FTOL_REACHED,FTOL_REACHED
FTOL_REACHED,FTOL_REACHED,FTOL_REACHED
FTOL_REACHED,FTOL_REACHED,FTOL_REACHED
FTOL_REACHED,FTOL_REACHED,FTOL_REACHED
FTOL_REACHED,FTOL_REACHED,FTOL_REACHED
FTOL_REACHED,FTOL_REACHED,FTOL_REACHED
FTOL_REACHED,FTOL_REACHED,FTOL_REACHED
FTOL_REACHED,FTOL_REACHED,FTOL_REACHED
FTOL_REACHED,FTOL_REACHED,FTOL_REACHED
FTOL_REACHED,FTOL_REACHED,FTOL_REACHED
FTOL_REACHED,FTOL_REACHED,FTOL_REACHED
FTOL_REACHED,FTOL_REACHED,FTOL_REACHED
FTOL_REACHED,FTOL_REACHED,FTOL_REACHED
FTOL_REACHED,FTOL_REACHED,FTOL_REACHED
FTOL_REACHED,FTOL_REACHED,FTOL_REACHED
FTOL_REACHED,FTOL_REACHED,FTOL_REACHED
FTOL_REACHED,FTOL_REACHED,FTOL_REACHED
FTOL_REACHED,FTOL_REACHED,FTOL_REACHED
FTOL_REACHED,FTOL_REACHED,FTOL_REACHED
FTOL_REACHED,FTOL_REACHED,FTOL_REACHED
FTOL_REACHED,FTOL_REACHED,FTOL_REACHED
FTOL_REACHED,FTOL_REACHED,FTOL_REACHED
FTOL_REACHED,FTOL_REACHED,FTOL_REACHED
FTOL_REACHED,FTOL_REACHED,FTOL_REACHED
FTOL_REACHED,FTOL_REACHED,FTOL_REACHED
FTOL_REACHED,FTOL_REACHED,FTOL_REACHED
FTOL_REACHED,FTOL_REACHED,FTOL_REACHED
FTOL_REACHED,FTOL_REACHED,FTOL_REACHED
FTOL_REACHED,FTOL_REACHED,FTOL_REACHED
FTOL_REACHED,FTOL_REACHED,FTOL_REACHED
FTOL_REACHED,FTOL_REACHED,FTOL_REACHED
FTOL_REACHED,FTOL_REACHED,FTOL_REACHED
FTOL_REACHED,FTOL_REACHED,FTOL_REACHED
FTOL_REACHED,FTOL_REACHED,FTOL_REACHED
FTOL_REACHED,FTOL_REACHED,FTOL_REACHED
FTOL_REACHED,FTOL_REACHED,FTOL_REACHED
FTOL_REACHED,FTOL_REACHED,FTOL_REACHED
FTOL_REACHED,FTOL_REACHED,FTOL_REACHED
FTOL_REACHED,FTOL_REACHED,FTOL_REACHED
FTOL_REACHED,FTOL_REACHED,FTOL_REACHED
FTOL_REACHED,FTOL_REACHED,FTOL_REACHED
FTOL_REACHED,FTOL_REACHED,FTOL_REACHED
FTOL_REACHED,FTOL_REACHED,FTOL_REACHED
FTOL_REACHED,FTOL_REACHED,FTOL_REACHED
FTOL_REACHED,FTOL_REACHED,FTOL_REACHED
FTOL_REACHED,FTOL_REACHED,FTOL_REACHED
FTOL_REACHED,FTOL_REACHED,FTOL_REACHED
FTOL_REACHED,FTOL_REACHED,FTOL_REACHED
FTOL_REACHED,FTOL_REACHED,FTOL_REACHED
FTOL_REACHED,FTOL_REACHED,FTOL_REACHED
FTOL_REACHED,FTOL_REACHED,FTOL_REACHED
FTOL_REACHED,FTOL_REACHED,FTOL_REACHED
FTOL_REACHED,FTOL_REACHED,FTOL_REACHED
FTOL_REACHED,FTOL_REACHED,FTOL_REACHED
FTOL_REACHED,FTOL_REACHED,FTOL_REACHED
FTOL_REACHED,FTOL_REACHED,FTOL_REACHED
FTOL_REACHED,FTOL_REACHED,FTOL_REACHED
FTOL_REACHED,FTOL_REACHED,FTOL_REACHED
FTOL_REACHED,FTOL_REACHED,FTOL_REACHED
FTOL_REACHED,FTOL_REACHED,FTOL_REACHED
FTOL_REACHED,FTOL_REACHED,FTOL_REACHED
FTOL_REACHED,FTOL_REACHED,FTOL_REACHED
FTOL_REACHED,FTOL_REACHED,FTOL_REACHED
FTOL_REACHED,FTOL_REACHED,FTOL_REACHED
FTOL_REACHED,FTOL_REACHED,FTOL_REACHED
FTOL_REACHED,FTOL_REACHED,FTOL_REACHED
FTOL_REACHED,FTOL_REACHED,FTOL_REACHED
FTOL_REACHED,FTOL_REACHED,FTOL_REACHED
FTOL_REACHED,FTOL_REACHED,FTOL_REACHED
FTOL_REACHED,FTOL_REACHED,FTOL_REACHED
FTOL_REACHED,FTOL_REACHED,FTOL_REACHED
FTOL_REACHED,FTOL_REACHED,FTOL_REACHED
FTOL_REACHED,FTOL_REACHED,FTOL_REACHED
FTOL_REACHED,FTOL_REACHED,FTOL_REACHED
FTOL_REACHED,FTOL_REACHED,FTOL_REACHED
FTOL_REACHED,FTOL_REACHED,FTOL_REACHED
FTOL_REACHED,FTOL_REACHED,FTOL_REACHED
FTOL_REACHED,FTOL_REACHED,FTOL_REACHED
FTOL_REACHED,FTOL_REACHED,FTOL_REACHED
FTOL_REACHED,FTOL_REACHED,FTOL_REACHED
FTOL_REACHED,FTOL_REACHED,FTOL_REACHED
FTOL_REACHED,FTOL_REACHED,FTOL_REACHED
FTOL_REACHED,FTOL_REACHED,FTOL_REACHED
FTOL_REACHED,FTOL_REACHED,FTOL_REACHED
FTOL_REACHED,FTOL_REACHED,FTOL_REACHED
FTOL_REACHED,FTOL_REACHED,FTOL_REACHED
FTOL_REACHED,FTOL_REACHED,FTOL_REACHED
FTOL_REACHED,FTOL_REACHED,FTOL_REACHED
FTOL_REACHED,FTOL_REACHED,FTOL_REACHED
FTOL_REACHED,FTOL_REACHED,FTOL_REACHED
FTOL_REACHED,FTOL_REACHED,FTOL_REACHED
FTOL_REACHED,FTOL_REACHED,FTOL_REACHED
FTOL_REACHED,FTOL_REACHED,FTOL_REACHED
FTOL_REACHED,FTOL_REACHED,FTOL_REACHED
FTOL_REACHED,FTOL_REACHED,FTOL_REACHED
FTOL_REACHED,FTOL_REACHED,FTOL_REACHED
FTOL_REACHED,FTOL_REACHED,FTOL_REACHED
FTOL_REACHED,FTOL_REACHED,FTOL_REACHED
FTOL_REACHED,FTOL_REACHED,FTOL_REACHED
FTOL_REACHED,FTOL_REACHED,FTOL_REACHED
FTOL_REACHED,FTOL_REACHED,FTOL_REACHED
FTOL_REACHED,FTOL_REACHED,FTOL_REACHED
FTOL_REACHED,FTOL_REACHED,FTOL_REACHED
FTOL_REACHED,FTOL_REACHED,FTOL_REACHED
FTOL_REACHED,FTOL_REACHED,FTOL_REACHED
FTOL_REACHED,FTOL_REACHED,FTOL_REACHED
FTOL_REACHED,FTOL_REACHED,FTOL_REACHED
FTOL_REACHED,FTOL_REACHED,FTOL_REACHED
FTOL_REACHED,FTOL_REACHED,FTOL_REACHED
FTOL_REACHED,FTOL_REACHED,FTOL_REACHED
FTOL_REACHED,FTOL_REACHED,FTOL_REACHED
FTOL_REACHED,FTOL_REACHED,FTOL_REACHED
FTOL_REACHED,FTOL_REACHED,FTOL_REACHED
FTOL_REACHED,FTOL_REACHED,FTOL_REACHED
FTOL_REACHED,FTOL_REACHED,FTOL_REACHED
FTOL_REACHED,FTOL_REACHED,FTOL_REACHED
FTOL_REACHED,FTOL_REACHED,FTOL_REACHED
FTOL_REACHED,FTOL_REACHED,FTOL_REACHED
FTOL_REACHED,FTOL_REACHED,FTOL_REACHED
FTOL_REACHED,FTOL_REACHED,FTOL_REACHED
FTOL_REACHED,FTOL_REACHED,FTOL_REACHED
FTOL_REACHED,FTOL_REACHED,FTOL_REACHED
FTOL_REACHED,FTOL_REACHED,FTOL_REACHED
FTOL_REACHED,FTOL_REACHED,FTOL_REACHED
FTOL_REACHED,FTOL_REACHED,FTOL_REACHED
FTOL_REACHED,FTOL_REACHED,FTOL_REACHED
FTOL_REACHED,FTOL_REACHED,FTOL_REACHED
FTOL_REACHED,FTOL_REACHED,FTOL_REACHED
FTOL_REACHED,FTOL_REACHED,FTOL_REACHED
FTOL_REACHED,FTOL_REACHED,FTOL_REACHED
FTOL_REACHED,FTOL_REACHED,FTOL_REACHED
FTOL_REACHED,FTOL_REACHED,FTOL_REACHED
FTOL_REACHED,FTOL_REACHED,FTOL_REACHED
FTOL_REACHED,FTOL_REACHED,FTOL_REACHED
FTOL_REACHED,FTOL_REACHED,FTOL_REACHED
FTOL_REACHED,FTOL_REACHED,FTOL_REACHED
FTOL_REACHED,FTOL_REACHED,FTOL_REACHED
FTOL_REACHED,FTOL_REACHED,FTOL_REACHED
FTOL_REACHED,FTOL_REACHED,FTOL_REACHED
FTOL_REACHED,FTOL_REACHED,FTOL_REACHED
FTOL_REACHED,FTOL_REACHED,FTOL_REACHED
FTOL_REACHED,FTOL_REACHED,FTOL_REACHED
FTOL_REACHED,FTOL_REACHED,FTOL_REACHED
FTOL_REACHED,FTOL_REACHED,FTOL_REACHED
FTOL_REACHED,FTOL_REACHED,FTOL_REACHED
FTOL_REACHED,FTOL_REACHED,FTOL_REACHED
FTOL_REACHED,FTOL_REACHED,FTOL_REACHED
FTOL_REACHED,FTOL_REACHED,FTOL_REACHED
FTOL_REACHED,FTOL_REACHED,FTOL_REACHED
FTOL_REACHED,FTOL_REACHED,FTOL_REACHED
FTOL_REACHED,FTOL_REACHED,FTOL_REACHED
FTOL_REACHED,FTOL_REACHED,FTOL_REACHED
FTOL_REACHED,FTOL_REACHED,FTOL_REACHED
FTOL_REACHED,FTOL_REACHED,FTOL_REACHED
FTOL_REACHED,FTOL_REACHED,FTOL_REACHED
FTOL_REACHED,FTOL_REACHED,FTOL_REACHED
FTOL_REACHED,FTOL_REACHED,FTOL_REACHED
FTOL_REACHED,FTOL_REACHED,FTOL_REACHED
FTOL_REACHED,FTOL_REACHED,FTOL_REACHED
FTOL_REACHED,FTOL_REACHED,FTOL_REACHED
FTOL_REACHED,FTOL_REACHED,FTOL_REACHED
FTOL_REACHED,FTOL_REACHED,FTOL_REACHED
FTOL_REACHED,FTOL_REACHED,FTOL_REACHED
FTOL_REACHED,FTOL_REACHED,FTOL_REACHED
FTOL_REACHED,FTOL_REACHED,FTOL_REACHED
FTOL_REACHED,FTOL_REACHED,FTOL_REACHED
FTOL_REACHED,FTOL_REACHED,FTOL_REACHED
FTOL_REACHED,FTOL_REACHED,FTOL_REACHED
FTOL_REACHED,FTOL_REACHED,FTOL_REACHED
FTOL_REACHED,FTOL_REACHED,FTOL_REACHED
FTOL_REACHED,FTOL_REACHED,FTOL_REACHED
FTOL_REACHED,FTOL_REACHED,FTOL_REACHED
FTOL_REACHED,FTOL_REACHED,FTOL_REACHED
FTOL_REACHED,FTOL_REACHED,FTOL_REACHED
FTOL_REACHED,FTOL_REACHED,FTOL_REACHED
FTOL_REACHED,FTOL_REACHED,FTOL_REACHED
FTOL_REACHED,FTOL_REACHED,FTOL_REACHED
FTOL_REACHED,FTOL_REACHED,FTOL_REACHED
FTOL_REACHED,FTOL_REACHED,FTOL_REACHED
FTOL_REACHED,FTOL_REACHED,FTOL_REACHED
FTOL_REACHED,FTOL_REACHED,FTOL_REACHED
FTOL_REACHED,FTOL_REACHED,FTOL_REACHED
FTOL_REACHED,FTOL_REACHED,FTOL_REACHED
FTOL_REACHED,FTOL_REACHED,FTOL_REACHED
FTOL_REACHED,FTOL_REACHED,FTOL_REACHED
FTOL_REACHED,FTOL_REACHED,FTOL_REACHED
FTOL_REACHED,FTOL_REACHED,FTOL_REACHED
FTOL_REACHED,FTOL_REACHED,FTOL_REACHED
FTOL_REACHED,FTOL_REACHED,FTOL_REACHED
FTOL_REACHED,FTOL_REACHED,FTOL_REACHED
FTOL_REACHED,FTOL_REACHED,FTOL_REACHED
FTOL_REACHED,FTOL_REACHED,FTOL_REACHED
FTOL_REACHED,FTOL_REACHED,FTOL_REACHED
FTOL_REACHED,FTOL_REACHED,FTOL_REACHED
FTOL_REACHED,FTOL_REACHED,FTOL_REACHED
FTOL_REACHED,FTOL_REACHED,FTOL_REACHED
FTOL_REACHED,FTOL_REACHED,FTOL_REACHED
FTOL_REACHED,FTOL_REACHED,FTOL_REACHED
FTOL_REACHED,FTOL_REACHED,FTOL_REACHED
FTOL_REACHED,FTOL_REACHED,FTOL_REACHED
FTOL_REACHED,FTOL_REACHED,FTOL_REACHED
FTOL_REACHED,FTOL_REACHED,FTOL_REACHED
FTOL_REACHED,FTOL_REACHED,FTOL_REACHED
FTOL_REACHED,FTOL_REACHED,FTOL_REACHED
FTOL_REACHED,FTOL_REACHED,FTOL_REACHED
FTOL_REACHED,FTOL_REACHED,FTOL_REACHED
FTOL_REACHED,FTOL_REACHED,FTOL_REACHED
FTOL_REACHED,FTOL_REACHED,FTOL_REACHED
FTOL_REACHED,FTOL_REACHED,FTOL_REACHED
FTOL_REACHED,FTOL_REACHED,FTOL_REACHED
FTOL_REACHED,FTOL_REACHED,FTOL_REACHED
FTOL_REACHED,FTOL_REACHED,FTOL_REACHED
FTOL_REACHED,FTOL_REACHED,FTOL_REACHED
FTOL_REACHED,FTOL_REACHED,FTOL_REACHED
FTOL_REACHED,FTOL_REACHED,FTOL_REACHED
FTOL_REACHED,FTOL_REACHED,FTOL_REACHED
FTOL_REACHED,FTOL_REACHED,FTOL_REACHED
FTOL_REACHED,FTOL_REACHED,FTOL_REACHED
FTOL_REACHED,FTOL_REACHED,FTOL_REACHED
FTOL_REACHED,FTOL_REACHED,FTOL_REACHED
FTOL_REACHED,FTOL_REACHED,FTOL_REACHED
FTOL_REACHED,FTOL_REACHED,FTOL_REACHED
FTOL_REACHED,FTOL_REACHED,FTOL_REACHED
FTOL_REACHED,FTOL_REACHED,FTOL_REACHED
FTOL_REACHED,FTOL_REACHED,FTOL_REACHED
FTOL_REACHED,FTOL_REACHED,FTOL_REACHED
FTOL_REACHED,FTOL_REACHED,FTOL_REACHED
FTOL_REACHED,FTOL_REACHED,FTOL_REACHED
FTOL_REACHED,FTOL_REACHED,FTOL_REACHED
FTOL_REACHED,FTOL_REACHED,FTOL_REACHED
FTOL_REACHED,FTOL_REACHED,FTOL_REACHED
FTOL_REACHED,FTOL_REACHED,FTOL_REACHED
FTOL_REACHED,FTOL_REACHED,FTOL_REACHED
FTOL_REACHED,FTOL_REACHED,FTOL_REACHED
FTOL_REACHED,FTOL_REACHED,FTOL_REACHED
FTOL_REACHED,FTOL_REACHED,FTOL_REACHED
FTOL_REACHED,FTOL_REACHED,FTOL_REACHED
FTOL_REACHED,FTOL_REACHED,FTOL_REACHED
FTOL_REACHED,FTOL_REACHED,FTOL_REACHED
FTOL_REACHED,FTOL_REACHED,FTOL_REACHED
FTOL_REACHED,FTOL_REACHED,FTOL_REACHED
FTOL_REACHED,FTOL_REACHED,FTOL_REACHED
FTOL_REACHED,FTOL_REACHED,FTOL_REACHED
FTOL_REACHED,FTOL_REACHED,FTOL_REACHED
FTOL_REACHED,FTOL_REACHED,FTOL_REACHED
FTOL_REACHED,FTOL_REACHED,FTOL_REACHED
FTOL_REACHED,FTOL_REACHED,FTOL_REACHED
FTOL_REACHED,FTOL_REACHED,FTOL_REACHED
FTOL_REACHED,FTOL_REACHED,FTOL_REACHED
FTOL_REACHED,FTOL_REACHED,FTOL_REACHED
FTOL_REACHED,FTOL_REACHED,FTOL_REACHED
FTOL_REACHED,FTOL_REACHED,FTOL_REACHED
FTOL_REACHED,FTOL_REACHED,FTOL_REACHED
FTOL_REACHED,FTOL_REACHED,FTOL_REACHED
FTOL_REACHED,FTOL_REACHED,FTOL_REACHED
FTOL_REACHED,FTOL_REACHED,FTOL_REACHED
FTOL_REACHED,FTOL_REACHED,FTOL_REACHED
FTOL_REACHED,FTOL_REACHED,FTOL_REACHED
FTOL_REACHED,FTOL_REACHED,FTOL_REACHED
FTOL_REACHED,FTOL_REACHED,FTOL_REACHED
FTOL_REACHED,FTOL_REACHED,FTOL_REACHED
FTOL_REACHED,FTOL_REACHED,FTOL_REACHED
FTOL_REACHED,FTOL_REACHED,FTOL_REACHED
FTOL_REACHED,FTOL_REACHED,FTOL_REACHED
FTOL_REACHED,FTOL_REACHED,FTOL_REACHED
FTOL_REACHED,FTOL_REACHED,FTOL_REACHED
FTOL_REACHED,FTOL_REACHED,FTOL_REACHED
FTOL_REACHED,FTOL_REACHED,FTOL_REACHED
FTOL_REACHED,FTOL_REACHED,FTOL_REACHED
FTOL_REACHED,FTOL_REACHED,FTOL_REACHED
FTOL_REACHED,FTOL_REACHED,FTOL_REACHED
FTOL_REACHED,FTOL_REACHED,FTOL_REACHED
FTOL_REACHED,FTOL_REACHED,FTOL_REACHED
FTOL_REACHED,FTOL_REACHED,FTOL_REACHED
FTOL_REACHED,FTOL_REACHED,FTOL_REACHED
FTOL_REACHED,FTOL_REACHED,FTOL_REACHED
FTOL_REACHED,FTOL_REACHED,FTOL_REACHED
FTOL_REACHED,FTOL_REACHED,FTOL_REACHED
FTOL_REACHED,FTOL_REACHED,FTOL_REACHED
FTOL_REACHED,FTOL_REACHED,FTOL_REACHED
FTOL_REACHED,FTOL_REACHED,FTOL_REACHED
FTOL_REACHED,FTOL_REACHED,FTOL_REACHED
FTOL_REACHED,FTOL_REACHED,FTOL_REACHED
FTOL_REACHED,FTOL_REACHED,FTOL_REACHED
FTOL_REACHED,FTOL_REACHED,FTOL_REACHED
FTOL_REACHED,FTOL_REACHED,FTOL_REACHED
FTOL_REACHED,FTOL_REACHED,FTOL_REACHED
FTOL_REACHED,FTOL_REACHED,FTOL_REACHED
FTOL_REACHED,FTOL_REACHED,FTOL_REACHED
FTOL_REACHED,FTOL_REACHED,FTOL_REACHED
FTOL_REACHED,FTOL_REACHED,FTOL_REACHED
FTOL_REACHED,FTOL_REACHED,FTOL_REACHED
FTOL_REACHED,FTOL_REACHED,FTOL_REACHED
FTOL_REACHED,FTOL_REACHED,FTOL_REACHED
FTOL_REACHED,FTOL_REACHED,FTOL_REACHED
FTOL_REACHED,FTOL_REACHED,FTOL_REACHED
FTOL_REACHED,FTOL_REACHED,FTOL_REACHED
FTOL_REACHED,FTOL_REACHED,FTOL_REACHED
FTOL_REACHED,FTOL_REACHED,FTOL_REACHED
FTOL_REACHED,FTOL_REACHED,FTOL_REACHED
FTOL_REACHED,FTOL_REACHED,FTOL_REACHED
FTOL_REACHED,FTOL_REACHED,FTOL_REACHED
FTOL_REACHED,FTOL_REACHED,FTOL_REACHED
FTOL_REACHED,FTOL_REACHED,FTOL_REACHED
FTOL_REACHED,FTOL_REACHED,FTOL_REACHED
FTOL_REACHED,FTOL_REACHED,FTOL_REACHED
FTOL_REACHED,FTOL_REACHED,FTOL_REACHED
FTOL_REACHED,FTOL_REACHED,FTOL_REACHED
FTOL_REACHED,FTOL_REACHED,FTOL_REACHED
FTOL_REACHED,FTOL_REACHED,FTOL_REACHED
FTOL_REACHED,FTOL_REACHED,FTOL_REACHED
FTOL_REACHED,FTOL_REACHED,FTOL_REACHED
FTOL_REACHED,FTOL_REACHED,FTOL_REACHED
FTOL_REACHED,FTOL_REACHED,FTOL_REACHED
FTOL_REACHED,FTOL_REACHED,FTOL_REACHED
FTOL_REACHED,FTOL_REACHED,FTOL_REACHED
FTOL_REACHED,FTOL_REACHED,FTOL_REACHED
FTOL_REACHED,FTOL_REACHED,FTOL_REACHED
FTOL_REACHED,FTOL_REACHED,FTOL_REACHED
FTOL_REACHED,FTOL_REACHED,FTOL_REACHED
FTOL_REACHED,FTOL_REACHED,FTOL_REACHED
FTOL_REACHED,FTOL_REACHED,FTOL_REACHED
